{
    "title": "虎牙直播",
    "author": "香雅情",
    "UserAgent":"PC_UA",
    "firstpage": "1",
    "class_url": "https://live.cdn.huya.com/liveHttpUI/getLiveList?iGid={cateId}&iPageNo={catePg}&iPageSize=120",
    "class_name": "三国杀&英雄联盟&王者荣耀&英雄联盟电竞经理&一起看&星秀&暗黑破坏神：不朽&暗区突围&生死狙击2&户外&金铲铲之战&和平精英&英雄联盟手游&天天吃鸡&lol云顶之弈&剑侠世界3&不良人3&二次元&穿越火线&主机游戏&美食&综合手游&暴雪专区&颜值&CF手游&交友&地下城与勇士&新游广场&体育&棋牌桌游&我的世界&炉石传说&魔兽世界&QQ飞车手游&DOTA2&方舟&跑跑卡丁车手游&火影忍者手游&球球大作战&CS:GO&DOTA1&QQ飞车&问道&魔兽争霸3&逆战&梦三国&网游竞技&手游休闲&娱乐天地&放映厅&单机热游&吃喝玩乐&组队&二次元手游&互动点播&MMORPG&原神&动作游戏&原创&永劫无间&虎牙地方&传奇类游戏&传奇&军事游戏&明日之后&王者模拟战&射击综合游戏&虎牙文化&传奇手游&坦克世界&虚拟偶像&Dread Hunger&音乐&英魂之刃&幻塔&探索&趣分享&天龙八部手游&虎牙领主争霸&彩虹岛Online&部落：上升&炉石战棋&欢乐斗地主&一起玩&DNF手游&永恒之塔&战争冲突&逃离塔科夫&怀旧游戏&狼人杀手游&Apex英雄&冒险岛&起凡：群雄逐鹿&俄罗斯钓鱼4&CFHD&御龙在天&COD手游&剑灵&体育游戏&神武4电脑版&三国志战略版&欢乐麻将&御龙在天手游&热血江湖&QQ三国&天涯明月刀手游&诛仙3&英雄杀&阴阳师&摔跤城大乱斗&神武4手游&传世无双&直播购&草根传奇&问道手游&重返帝国&忍者必须死3&暗黑破坏神&寻仙&狼人杀&反恐精英Online&SKY光遇&征途&斗罗大陆：魂师对决&旅游&NBA2KOL系列&多乐棋牌&刀剑英雄&诛仙世界&完美世界手游&枪神纪&香肠派对&率土之滨&星际战甲&QQ华夏&妄想山海&生死狙击&龙之谷&JJ棋牌&星球大战系列&魔兽世界怀旧服&斗战神&战舰世界&超击突破&武侠乂手游&天天狼人&流放之路&饥荒&大唐无双零&天天象棋&FIFA Online系列&铁甲雄兵&奶块&迷你世界&部落冲突&逆水寒&中国象棋&九阴真经&创造与魔法&DayZ独立版&第五人格&FIFA足球世界&新倩女幽魂&深空之眼&环形战争&万国觉醒&天谕手游&剑网3&QQ自由幻想&互动剧游&北凉悍刀行&时空猎人3&新笑傲江湖&千年3&守望先锋&梦幻新诛仙&云上城之歌&天下&造梦西游OL&星际争霸&跑跑卡丁车&007：传奇&崩坏3&弹弹堂手游&武林外传一世琴缘&航海王热血航线&倩女幽魂手游&梦想世界3&恐惧之间&艾尔登法环&征途手游&巅峰战舰&SCUM&天涯明月刀&逃跑吧！少年&完美端游系列&征途2手游&英魂之刃口袋版&斗破苍穹手游&新剑侠情缘手游&奥拉星&失落的方舟&永恒纪元：戒&怪物猎人：崛起&怪物猎人物语&骑马与砍杀系列&反恐行动online&荒野行动PC版&只狼：影逝二度&王牌竞速&航海王：燃烧意志&征途2&三国战纪2&神泣&精灵盛典：黎明&无神之界&植物大战僵尸&大话西游2&天翼决&战争雷霆&大话西游手游&狼人杀官方&无期迷途&奇迹MU：觉醒&荣耀新三国&最强NBA&天天酷跑&岛&丝路传说2&荒野大镖客2&战地5&荒野乱斗&QQ炫舞&诛仙手游&混沌起源&黑色沙漠&欧洲卡车模拟&多多自走棋&指尖四川麻将&逆水寒手游&单机手游&蛋仔派对&罗布乐思&恐鬼症&新飞飞(FlyFF)&使命召唤系列&坦克大战&醉逍遥&王牌战争：文明重启&海岛奇兵&庆余年手游&使命召唤：战区&三国志&洛克王国&Among Us&黑色沙漠手游&远征Online梦想版&仙境传说RO&完美世界：诸神之战&蛇蛇争霸&绝世仙王&奥比岛：梦想国度&方舟手游&劲舞团&超激斗梦境&激战2&派对&诺亚传说&轩辕传奇&战地之王&QQ幻想&一念逍遥&风云&糖豆人：终极淘汰赛&寻仙手游&新剑侠情缘&全民枪战2&无尽的拉格朗日&育碧游戏&真三国无双霸&热血江湖手游&命运2&军棋&斗罗大陆&盗贼之海&魔力宝贝：旅人&明日方舟&九灵神域&都市：天际线&音乐游戏&泡泡堂&拳皇命运&鸿图之下&天堂&QQ仙侠传&摩尔庄园&口袋觉醒&幽灵线：东京&猎人：荒野的召唤&极光世界 弑神传&梦三国手游&龙之谷2手游&神武2&流星群侠传&港诡实录&笑傲江湖&全面战争&一梦江湖&奥奇传说&剑灵：革命&自由幻想手游&帝国时代4&VALORANT&枪火重生&黎明觉醒&Badlanders&新水浒Q传&洛奇英雄传&双人成行&龙武手游&贪玩蓝月&希望OL&真·三国无双OL&战意&极限竞速：地平线&梦幻诛仙手游&封印者&环世界&三国战纪&太荒初境&仁王2&成吉思汗3&绝区零&星露谷物语&火影忍者OL&红警OL&幻世九歌&蜀山剑侠传&全球使命3&实况足球&Lost Light（萤火突击国际服）&坦克世界闪击战&释厄英雄&QQ幻想世界&鬼谷八荒&决战平安京&消逝的光芒2&元气骑士&蚁族崛起&仙剑奇侠传七&FIFA Online4&文明6&绿色征途&对马岛之魂&剑侠世界&看门狗：军团&球球英雄&天天吃鸡手机版&甜蜜之家&流星蝴蝶剑&赤壁&少年三国志2&QQ华夏手游&伤害世界&剑侠情缘手游&新斗罗大陆&堡垒之夜&飞龙在天传奇&星辰变&女鬼桥：开魂路&新盗墓笔记&剑网1：归来&纸人&游戏王：决斗链接&街头篮球&起凡游戏三国争霸&龙之国物语&传奇天下&天谕&剑侠情缘2剑歌行&腾讯桌球&霸王2&魂斗罗：归来&深海迷航&灵魂筹码&模拟农场&战术小队&装甲战争&奥拉星手游&死亡之夜&新大话西游3&无主之地3&帝国神话&四海兄弟&重生细胞&皇室战争&无尽传奇&反恐精英&极品飞车Online&天命西游&虎牙吃鸡&归家异途&野兽传奇&拳皇98终极之战OL&剑与家园&机动都市阿尔法&禅游斗地主&幽灵行动：荒野&新游推荐&战塔英雄&非人学园&荣耀大天使&斗破仙途&蜀山神话&EVE星战前夜：无烬星河&宝可梦：剑盾&热血街篮&风云岛行动&我的勇者&猫之城&使命召唤：黑色行动4&魔力宝贝&海底大作战&神将三国&青云诀2&天堂2：血盟&曙光英雄&我欲封天&三国志：幻想大陆&桃花源记&剑与远征手游&黄易群侠传2&王牌战士&渡神记&黑暗与光明手游&蘑菇战争2&米加小镇&影之刃3&我在江湖之神魔道&玄真道&武魂2&狂野飙车9：竞速传奇&龙与家园&奇迹世界2&乱世王者&DJMAX三部曲&奇葩战斗家&梦幻龙族II&大江湖&橙光&我叫MT4&漫漫长夜&傲世西游&三国之刃&APEX手游&剑侠世界2手游&天堂 W&龙族幻想&帝国时代系列&蜀门&剑网3：指尖江湖&哈利波特：魔法觉醒&其他单机&决斗之城&文明与征服&奥奇传说手游&魔法门之英雄无敌系列&漫威超级战争&怪物猎人世界&冒险男爵&全球使命&足球小将&雀魂麻将&全球行动&真三国无双8：帝国&石油骚动&街机游戏&漫威蜘蛛侠&杀戮尖塔&新射雕群侠传&异星探险家&愤怒的小鸟&时空召唤&火爆狂飙5：天堂&孤岛惊魂&速度与激情：紧要关头&斩魂&空洞骑士&小森生活&马里奥赛车8&蜀山:初章&金星登陆器&微信小游戏&QQ炫舞手游&月圆之夜&麻辣江湖Online&仙剑奇侠传OL手游&新世界&众神之战&武林闲侠&轩辕剑6&剑灵2&仙魔决&领地人生&雷曼：传奇&未来之役&梦幻模拟战&EVE Online&一拳超人：最强之男&星际公民&The cycle&小缇娜的奇幻之地&王国纪元&霸刀群侠传online&禁闭求生&刀剑笑Online&无限法则&劲舞团手游&远古战场&刀塔传奇&梦幻诛仙2&暴走兔子&三国群英传8&御剑仙梦&成吉思汗怀旧版&天子&武装突袭&正当防卫4&玄中记&闪烁之光&九界&飙酷车神&马里奥专区&功夫小子&英灵神殿&航海世纪&全面战争：三国&恶魔之魂&三界争锋&放开那三国&鬼斩&三国群英传手游&闪耀暖暖&天国：拯救&重力&三国群英传7&神雕侠侣手游&任天堂专区&保卫萝卜3&最终幻想：起源&新惊天动地&梦塔防&QQ音速&围棋&异度之刃3&地城之光&罗马：全面战争&傲世九重天&斗罗大陆：武魂觉醒&玄天之剑&梁山豪杰&龙珠:超宇宙2&战神：诸神黄昏&火线精英&攻城掠地&恐怖黎明&神都不良探&有杀气童话2&骑士3.0&真三国无双&梦想世界3手游&途游斗地主&裂天之刃&暗黑战神&复古传神&精灵与萤火意志&魔力宝贝手机版&紫塞秋风&真三国快打&风云龙战天下&龙族血统&幻想神域&火影世界3D&旋转轮胎&仙战&海战传奇&坎公骑冠剑&逍遥情缘&永恒轮回&警匪杀&百战天虫：革命&复仇者联盟&幻灵仙境&荒野行动&群侠传&疾风之刃&崩坏：星穹铁道&天书奇谈&决胜三国&神佑释放&霓虹深渊&全面战争：竞技场&一剑斩仙&狂刃&无尽神域&全民大灌篮&猫和老鼠&地平线：黎明时分&武魂&仙剑Q传&黑暗虚空&斗斗堂&忍者村大战2&瑞奇与叮当&超神传&大唐2&夜族崛起&梦幻花园手游&战神&奇迹：传奇&哈迪斯&剑网3指尖对弈&奥比岛&真武传&黑山：起源&Party Animals&千古风流&沙石镇时光&地铁跑酷&逆战手游&古剑奇谭OL&猎魂觉醒&赛尔号&这是我的战争&欢喜斗地主&FIFA足球&花亦山心之月&航海王：启航&美丽水世界&轩辕剑外传：苍之涛&城堡争霸&暖雪&炫舞时代&饥荒：新家",
    "class_value": "1669&1&2336&7177&2135&1663&6385&7209&6091&2165&7185&3203&6203&2793&5485&7183&5891&2633&4&100032&2752&100029&100043&2168&2413&4079&2&100052&2356&100036&1732&393&8&2928&7&1997&2620&2429&2411&862&6&9&107&4615&135&489&100023&100004&100022&6245&100002&100044&5367&100091&5907&100273&5489&100197&6861&6219&5123&2060&983&100133&3483&5699&100141&4089&3130&802&6055&7601&3793&1830&6437&2408&5883&2852&7529&683&1318&5751&1749&6613&4921&446&7449&3493&100125&100049&5011&2243&1612&5495&6079&675&4769&897&100135&3227&5619&1751&2568&387&1090&5115&1646&2688&2598&7773&3135&984&7759&230&2477&6955&4041&1123&734&2785&1918&3719&2715&6745&6791&3959&6209&915&7749&4237&496&3639&2691&627&1878&6007&2471&15&3841&554&7623&591&1947&7467&4929&2774&427&74&1584&4997&100079&2765&2775&2683&1797&2952&1671&1009&2931&1125&3115&3873&1579&6877&7555&6159&5925&900&1862&6919&7781&6411&5669&878&2174&5975&5977&1597&6815&5&162&1135&2639&2857&1661&6181&2503&486&6679&5801&2556&2502&4245&1219&4137&3034&2811&2760&4337&6259&2846&3058&2646&6479&7101&4783&861&3185&4505&6463&3943&677&6049&2531&6123&6767&485&2975&779&624&2626&3679&7127&3116&6943&2988&1715&3019&1026&4319&4371&4613&2440&2647&5985&1877&475&5133&7215&7725&2777&6909&5771&6205&1582&100137&4359&124&5479&2624&6939&5911&2270&2864&6163&7287&142&2675&7217&2680&6619&6871&4035&2420&5691&406&7785&190&159&618&2419&6419&3061&6083&2979&586&3027&6809&100139&6071&2817&2942&2561&6119&3641&7573&4925&7719&2201&2761&440&3379&6027&1966&2291&5981&5953&7669&2906&514&2615&2736&305&3927&5853&288&3521&3082&2848&4545&4015&4835&5937&6077&6131&6507&580&432&6737&5219&2936&1161&324&2599&2634&2672&2294&4865&6047&7685&5795&641&7711&2443&3901&4413&7199&217&2953&3741&6859&4977&7677&2897&6571&3064&7581&4287&7019&6509&3683&2650&4227&6039&903&6155&7027&4341&6739&426&179&6125&3743&2337&2621&6657&100117&77&553&7793&7093&7361&5257&4451&206&11&7675&6927&1899&4805&2444&90&2824&3589&4059&2344&2360&2276&5677&6129&2938&4713&6821&5995&6561&2439&4969&863&2563&1086&7465&2949&120&2687&2838&5411&6847&2794&3160&3657&4045&6477&1739&216&5813&5715&5859&4695&5637&6497&4429&2891&3101&6621&6009&2609&6169&2449&6029&1845&5755&42&4193&6231&6635&3339&7269&6251&7699&356&4975&5451&6863&766&2930&1122&4313&1524&7765&3717&4087&2303&1679&1668&7037&3150&7291&4649&708&4711&3885&5835&3069&2868&7071&6513&2096&6881&3519&929&939&6103&7107&5005&7499&2585&5999&4249&3601&6069&2854&646&2551&398&3671&132&1585&2985&6465&5947&7761&118&3459&2991&4339&43&2815&7239&1675&7419&158&7223&1674&2282&96&6831&3481&1292&4629&2371&6127&7647&2558&91&6065&916&3189&7317&143&1694&488&3875&6425&5185&640&2517&465&4571&6949&7455&1010&3975&2120&895&6609&3605&3004&6151&1670&1738&62&2656&5571&3603&123&1049&1781&100087&1677&7653&1828&1396&1085&2694&7739&1805&2347&2726&6381&358&491&2662&7771&2550&1737&3435&7697&6813&1297&1599&7111&4009&201&1745&6633&5895&3062&6045&1779&84&3749&1521&1759&2984&1673&419&6641&6247&6089&7191&331&6121&698&3084&5593&334&7349&2225&1693&7219&5743&5901&6843&376&3086&6941&2758&2784&1580&1672&30&7133&2369&2455&178&784&7717&6161&3831&3917&6153&6145&2863&319&37&6165&7155&7687&1701&7575&1892&3071&2755&1885&7763&1888&6753&2648&2365&155&1705&7539&3353&6491",
    "filterdata":{},
    "cat_mode": "0",
    "catjsonlist": "vList",
    //json片单图片
    "catjsonpic": "sScreenshot",
    //json片单标题
    "catjsonname": "sRoomName",
    //json片单链接
    "catjsonid": "lProfileRoom",
    //json片单副标题，这个很少有，预留着
    "catjsonstitle":"sNick",
    
    "cat_YN_twice": "1",
    "cat_twice_pre": "vList\": [",
    "cat_twice_suf": "\"iPageNo",
    "cat_arr_pre": "{",
    "cat_arr_suf": "}",
    "cat_pic": "sScreenshot\": \"&&\"",
    "cat_title": "sRoomName\": \"&&\"",
    "cat_subtitle": "sNick\": \"&&\"",
    "cat_url": "lProfileRoom\": &&,",
    "cat_prefix": "",
    "cat_suffix": "",
    "search_url": "https://search.cdn.huya.com/?m=Search&do=getSearchContent&plt=m&q={wd}&uid=0&app=11&v=4&typ=-5&start=0@&rows=40",
    "search_mode": "0",
    "jsonlist":"response.3.docs",
    "jsonpic": "game_screenshot",
    "jsonname": "gameName",
    "jsonid": "room_id",
    "jsonstitle":"game_nick",
    "sea_YN_twice": "",
    "sea_twice_pre": "",
    "sea_twice_suf": "",
    "sea_arr_pre": "",
    "sea_arr_suf": "",
    "sea_pic": "",
    "sea_title": "",
    "sea_url": "",
    "search_prefix": "",
    "search_suffix": "",
    "sea_subtitle": "",
    "force_play": "1",
    "play_prefix": "https://epg.112114.xyz/huya/",
    "play_suffix": "#isVideo=true#",
    "play_header": "空",
    "proj_actor": "空",
    "proj_plot": "",
    "tab_YN_twice": "0",
    "tab_twice_pre": "",
    "tab_twice_suf": "",
    "tab_arr_pre": "",
    "tab_arr_suf": "",
    "tab_title": "",
    "list_YN_twice": "0",
    "list_twice_pre": "空",
    "list_twice_suf": "空",
    "list_arr_pre": "",
    "list_arr_suf": "",
    "epi_YN_twice": "0",
    "epi_twice_pre": "空",
    "epi_twice_suf": "空",
    "epi_arr_pre": "",
    "epi_arr_suf": "",
    "epi_title": "",
    "epi_url": "",
    "epiurl_prefix": "",
    "epiurl_suffix": ""
    
}