{
    "规则名": "艾斯影院",
    "规则作者": "tx",
    "请求头参数": "User-Agent$PC_UA#Referer$WebView",
    "网页编码格式": "UTF-8",
    "图片是否需要代理": "0",
    "是否开启获取首页数据": "1",
    "分类起始页码": "1",
    "分类链接": "http://www.acedyy.com/vodshow/{cateId}-{area}-{by}-{class}-{lang}----{catePg}---{year}/",    
    "分类名称": "电影&电视剧&动画片&综艺",
    "分类名称替换词": "dianying&dianshiju&donghuapian&zongyi",
//  "筛选数据": {},
    "筛选数据": "ext",
    //{cateId}
    "筛选子分类名称": "喜剧片&战争片&剧情片&爱情片&科幻片&恐怖惊悚片&动作片||美剧&日韩剧&国产剧&港台剧||",
    "筛选子分类替换词": "xiju&zhanzheng&juqing&aiqing&kehuan&kongbu&zilei11||oumei&rihan&guochan&gangju||",
    //{class}
    "筛选类型名称": "",
    "筛选类型替换词": "*",
    //{area}
    "筛选地区名称": "内地&韩国&香港&台湾&日本&美国&泰国&英国&新加坡&其他||大陆&香港&台湾&美国&英国&日本&韩国&德国&泰国&印度&意大利&西班牙&加拿大&其他||内地&港台&日韩&欧美||国产&日本&欧美&其他||",
    "筛选地区替换词": "*",
    //{year}
    "筛选年份名称": "2022&2021&2020&2019&2018&2017&2016&2015&2014&2013&2012&2011&2010",
    "筛选年份替换词": "*",
    //{lang}
    "筛选语言名称": "国语&英语&粤语&闽南语&韩语&日语&法语&德语&其它||国语&英语&粤语&闽南语&韩语&日语&其它||国语&英语&粤语&闽南语&韩语&日语&其它||国语&英语&粤语&闽南语&韩语&日语&其它||",
    "筛选语言替换词": "*",
    //{by}
    "筛选排序名称": "",
    "筛选排序替换词": "*",
    "分类截取模式": "1",
    "分类列表数组规则": ".module-items&&.module-item",
    "分类片单是否Jsoup写法": "1",
    "分类片单标题": "a&&title",
    "分类片单链接": "a&&href",
    "分类片单图片": ".lazyloaded&&data-src",
    "分类片单副标题": ".module-item-text&&Text",
    "分类片单链接加前缀": "http://www.acedyy.com",
    "分类片单链接加后缀": "",
    "搜索请求头参数": "User-Agent$PC_UA",
    "搜索链接": "http://www.acedyy.com/vodsearch/-------------/?wd={wd}",
    "POST请求数据": "searchword={wd}",
    "搜索截取模式": "1",
    "搜索列表数组规则": ".module-items&&.module-search-item",
    "搜索片单是否Jsoup写法": "1",
    "搜索片单图片": ".lazyloaded&&data-src",
    "搜索片单标题": "h3&&a&&title",
    "搜索片单链接": "h3&&a&&href",
    "搜索片单副标题": ".video-info-header&&Text",
    "搜索片单链接加前缀": "http://www.acedyy.com",
    "搜索片单链接加后缀": "", 
    "链接是否直接播放": "0",
    "直接播放链接加前缀": "",
    "直接播放链接加后缀": "#isVideo=true#",
    "直接播放直链视频请求头": "",
    "详情是否Jsoup写法": "1",
    "类型详情": ".video-info-aux,0&&.tag-link,1&&Text",
    "年代详情": ".video-info-aux,0&&.tag-link,2&&Text",
    "地区详情": ".video-info-aux,0&&.tag-link,3&&Text",
    "演员详情": ".video-info-items,1&&.video-info-item,0&&Text!主演：",
    "简介详情": ".video-info-item.video-info-content&&Text",
    "线路列表数组规则": ".module-tab-items&&.module-tab-item",
    "线路标题": "span&&Text",
    "播放列表数组规则": "body&&.module-blocklist",
    "选集列表数组规则": "a",
    "选集标题链接是否Jsoup写法": "1",
    "选集标题": "a&&Text",
    "选集链接": "a&&href",
    "是否反转选集序列": "0",
    "选集链接加前缀": "http://www.acedyy.com",
    "选集链接加后缀": "",
    "分析MacPlayer": "1",
    "是否开启手动嗅探": "0",
    "手动嗅探视频链接关键词": ".m3u8#.mp4#.flv",
    "手动嗅探视频链接过滤词": ".html#=http#=https"
}