{
  "作者": "zzzdongman",
  "站名": "",
  "头部集合": "User-Agent$Mozilla/5.0 (iPad; CPU OS 10_3_1 like Mac OS X) AppleWebKit/603.1.30 (KHTML, like Gecko) Version/10.0 Mobile/14E304 Safari/602.1#Referer$http://www.zzzfun.com/",
  "主页url": "http://www.zzzfun.com",
  "免嗅":"0",
  "嗅探词":"tencentcs.com",
  "过滤词":"baidu#www.zzzfun.com",
  "分类": "日本动漫&新番&剧场",
  "分类值": "1&42&3",
  "分类url": "http://www.zzzfun.com/vod_show_class_{class}_id_{cateId}_lang_{lang}_page_{catePg}_year_{year}.html",
  "二次截取": "",
  "数组": "<a class=\"leo-show\"&&</a",
  "图片": "data-original=\"&&\"",
  "标题": "title=\"&&\"",
  "副标题": "leo-ellipsis-1\">&&</div",
  "链接": "href=\"&&\"",
  "链接前缀": "http://www.zzzfun.com",
  "搜索模式": "1",

  "搜索url": "http://www.zzzfun.com/vod_search.html?wd={wd}",
  "搜索二次截取": "",
  "搜索数组": "<div class=\"leo-detail-img leo-left leo-po-re\">&&</div>,",
  "搜索图片": "data-original=\"&&\"",
  "搜索标题": "alt=\"&&\"",
  "搜索副标题": "",
  "搜索链接": "href=\"&&\"",
  "搜索链接前缀": "http://www.zzzfun.com",
  "搜索后缀":"",
  "导演": "导演：&&</li>",
  "主演": "主演：&&</li>",
  "简介": "<p>&&</p>",
  "线路名二次截取": "",
  "线路数组": "class=\"swiper-slide&&/li>",
  "播放请求头": "User-Agent$Mozilla/5.0 (Windows NT 10.0; Win64; x64) AppleWebKit/537.36 (KHTML, like Gecko) Chrome/92.0.4515.107 Safari/537.36#Referer$http://www.zzzfun.com/",
  "线路标题": "</span>&nbsp;&&<",
  "播放链接前缀":"http://www.zzzfun.com",
  "播放数组": "<ul class=\"swiper-wrapper leo-play-num\"&&</ul>",
  "筛选":{}
}