{
    "规则名": "大豆",
    "规则作者": "",
    "请求头参数": "User-Agent$PC_UA",
    "网页编码格式": "UTF-8",
    "图片是否需要代理": "0",
    "是否开启获取首页数据": "1",
    "首页推荐链接": "https://dadou.pro/",
    "首页列表数组规则": "body&&.list-vod",
    "首页片单列表数组规则": ".public-list-box",
    "首页片单是否Jsoup写法": "1",
    "首页片单标题": "a&&title",
    "首页片单链接": "a&&href",
    "首页片单图片": ".lazy&&data-original",
    "首页片单副标题": ".public-list-prb&&Text",
    "首页片单链接加前缀": "https://dadou.pro",
    "首页片单链接加后缀": "",
    "分类起始页码": "1",
    "分类链接": "https://dadou.pro/vodshow/{cateId}-{area}--{class}-{lang}-------{year}.html",
    "分类名称": "电影&剧集&综艺&动漫",
    "分类名称替换词": "1&2&4&3",
    "筛选数据": "ext",
    //{cateId}
    "筛选子分类名称": "华语&欧美&日韩&动画&纪录&精品||日韩剧&大陆剧&欧美剧&港台剧&动画剧&精选剧&纪录||国漫&日漫&连载||华语&日韩&欧美&热门",
    "筛选子分类替换词": "6&7&8&9&10&11||16&13&14&15&21&20&22||27&28&29||23&24&25&26",
    //{class}
    "筛选类型名称": "喜剧&爱情&恐怖&动作&科幻&剧情&战争&警匪&犯罪&动画&奇幻&武侠&冒险&枪战&恐怖&悬疑&惊悚&经典&青春&文艺&微电影&古装&历史&运动&农村&儿童&网络电影||古装&战争&青春偶像&喜剧&家庭&犯罪&动作&奇幻&剧情&历史&经典&乡村&情景&商战&网剧&其他||情感&科幻&热血&推理&搞笑&冒险&萝莉&校园&动作&机战&运动&战争&少年&少女&社会&原创&亲子&益智&励志&其他||选秀&情感&访谈&播报&旅游&音乐&美食&纪实&曲艺&生活&游戏互动&财经&求职",
    "筛选类型替换词": "*",
    //{area}
    "筛选地区名称": "大陆&香港&台湾&美国&法国&英国&日本&韩国&德国&泰国&印度&意大利&西班牙&加拿大&其他||内地&韩国&香港&台湾&日本&美国&泰国&英国&新加坡&其他||国产&日本&欧美&其他||内地&港台&日韩&欧美",
    "筛选地区替换词": "*",
    //{year}
    "筛选年份名称": "2018&2017&2016&2015&2014&2013&2012&2011&2010||2018&2017&2016&2015&2014&2013&2012&2011&2010&2009&2008&2006&2005&2004||2018&2017&2016&2015&2014&2013&2012&2011&2010&2009&2008&2007&2006&2005&2004||2018&2017&2016&2015&2014&2013&2012&2011&2010&2009&2008&2007&2006&2005&2004",
    "筛选年份替换词": "*",
    //{lang}
    "筛选语言名称": "国语&英语&粤语&闽南语&韩语&日语&法语&德语&其它||国语&英语&粤语&闽南语&韩语&日语&其它||国语&英语&粤语&闽南语&韩语&日语&其它||国语&英语&粤语&闽南语&韩语&日语&其它",
    "筛选语言替换词": "*",
    //{by}
    "筛选排序名称": "高清版&剧场版&抢先版&OVA&TV&影院版",
    "筛选排序替换词": "*",
    "分类截取模式": "1",
    "分类列表数组规则": "body&&.list-vod&&.public-list-box",
    "分类片单是否Jsoup写法": "1",
    "分类片单标题": "a&&title",
    "分类片单链接": "a&&href",
    "分类片单图片": ".lazy&&data-original",
    "分类片单副标题": ".public-list-prb&&Text",
    "分类片单链接加前缀": "https://dadou.pro",
    "分类片单链接加后缀": "",
    "搜索请求头参数": "User-Agent$PC_UA",
    "搜索链接": "https://dadou.pro/vodsearch/-------------.html?wd={wd}",
    "POST请求数据": "wd={wd}",
    "搜索截取模式": "0",
    "搜索列表数组规则": "list",
    "搜索片单是否Jsoup写法": "1",
    "搜索片单图片": "pic",
    "搜索片单标题": "name",
    "搜索片单链接": "id",
    "搜索片单副标题": "",
    "搜索片单链接加前缀": "https://dadou.pro",
    "搜索片单链接加后缀": ".html",
    "链接是否直接播放": "0",
    "直接播放链接加前缀": "",
    "直接播放链接加后缀": "#isVideo=true#",
    "直接播放直链视频请求头": "",
    "详情是否Jsoup写法": "1",
    "类型详情": ".slide-info,3&&Text!类型 :",
    "年代详情": ".slide-info,0&&.slide-info-remarks,1&&Text",
    "地区详情": ".slide-info,0&&.slide-info-remarks,2&&Text",
    "演员详情": ".slide-info,2&&Text!演员 :",
    "简介详情": "#height_limit&&Text",
    "线路列表数组规则": "body&&.nav-swiper&&a",
    "线路标题": "Text!",
    "播放列表数组规则": "body&&.anthology-list-play",
    "选集列表数组规则": "li",
    "选集标题链接是否Jsoup写法": "1",
    "选集标题": "a&&Text",
    "选集链接": "a&&href",
    "是否反转选集序列": "0",
    "选集链接加前缀": "https://dadou.pro",
    "选集链接加后缀": "",
    "分析MacPlayer": "0",
    "是否开启手动嗅探": "0",
    "手动嗅探视频链接关键词": ".mp4#.m3u8#.flv",
    "手动嗅探视频链接过滤词": ".html#=http#=https"
}