{
    "规则名": "",
    "规则作者": "",
    "请求头参数": "User-Agent$PC_UA",
    "网页编码格式": "UTF-8",
    "图片是否需要代理": "0",
    "是否开启获取首页数据": "1",
    "分类起始页码": "1",
    "分类链接": "http://ckm5.cc/vodtype/{cateId}-{catePg}.html",
    "分类名称": "日韩AV&国产系列&欧美视频&成人动漫&无码中文字幕&有码中文字幕&日本无码&日本有码&国产视频&欧美高清&动漫剧情",
    "分类名称替换词": "1&2&3&4&8&9&10&7&15&21&22",
    "筛选数据": "",
    "筛选子分类名称": "",
    "筛选子分类替换词": "",
    //{class}
    "筛选类型名称": "",
    "筛选类型替换词": "*",
    //{area}
    "筛选地区名称": "",
    "筛选地区替换词": "*",
    //{year}
    "筛选年份名称": "",
    "筛选年份替换词": "*",
    //{lang}
    "筛选语言名称": "",
    "筛选语言替换词": "*",
    //{by}
    "筛选排序名称": "时间&人气&评分",
    "筛选排序替换词": "time&hits&score",
    "分类截取模式": "1",
    "分类列表数组规则": ".stui-vodlist.clearfix&&li,3:0||4:1||5:2",
    "分类片单是否Jsoup写法": "1",
    "分类片单标题": "h4&&a&&Text",
    "分类片单链接": "h4&&a&&href",
    "分类片单图片": ".stui-vodlist__thumb&&data-original",
    "分类片单副标题": ".pic-text&&Text",
    "分类片单链接加前缀": "http://ckm5.cc",
    "分类片单链接加后缀": "",
    "搜索请求头参数": "User-Agent$手机",
    "搜索链接": "http://ckm5.cc/vodsearch/-------------.html?wd={wd}",
    "POST请求数据": "wd={wd}&search=",
    "搜索截取模式": "1",
    "搜索列表数组规则": ".stui-vodlist.clearfix&&li",
    "搜索片单是否Jsoup写法": "1",
    "搜索片单图片": ".stui-vodlist__thumb&&data-original",
    "搜索片单标题": "h4&&a&&Text",
    "搜索片单链接": "h4&&a&&href",
    "搜索片单副标题": ".pic-text&&Text",
    "搜索片单链接加前缀": "http://ckm5.cc",
    "链接是否直接播放": "1",
    "直接播放链接加前缀": "",
    "直接播放链接加后缀": "",
    "直接播放直链视频请求头": "",
    "是否开启手动嗅探": "0",
    "手动嗅探视频链接关键词": ".mp4#.m3u8#.flv",
    "手动嗅探视频链接过滤词": ".html#=http"
}