{
	"title": "jiaozi",
	"author": "sm",
	"请求头参数": "User-Agent$MOBILE_UA#Referer$WebView",
	"Coding_format": "UTF-8",
	"PicNeedProxy": "0",
	"homeContent": "1",
	"首页推荐链接": "https://www.jiaozi.me",
	"首页列表数组规则": "body&&.col-lg-5.col-md-5.col-sm-2.col-xs-2",
	"首页片单列表数组规则": ".myui-vodlist__box",
	"首页片单是否Jsoup写法": "1",
	"firstpage": "1",
	"class_url": "https://www.jiaozi.me/mlist/index{cateId}-{catePg}.html",
	"class_name": "电影&剧集&动画&综艺",
	"class_value": "1&2&41&44",
	// "filterdata": {},
	"筛选数据": "ext",
	//{cateId}
	"筛选子分类名称": "",
	"筛选子分类替换词": "*",
	//{class}
	"筛选类型名称": "喜剧&爱情&恐怖&动作&科幻&剧情&战争&警匪&犯罪&动画&奇幻&武侠&冒险&枪战&恐怖&悬疑&惊悚&经典&青春&文艺&微电影&古装&历史&运动&农村&儿童&网络电影||古装&战争&青春偶像&喜剧&家庭&犯罪&动作&奇幻&剧情&历史&经典&乡村&情景&商战&网剧&其他||选秀&情感&访谈&播报&旅游&音乐&美食&纪实&曲艺&生活&游戏互动&财经&求职||",
	"筛选类型替换词": "*",
	//{area}
	"筛选地区名称": "大陆&香港&台湾&美国&法国&英国&日本&韩国&德国&泰国&印度&意大利&西班牙&加拿大&其他||内地&韩国&香港&台湾&日本&美国&泰国&英国&新加坡&其他||内地&港台&日韩&欧美||",
	"筛选地区替换词": "*",
	//{year}
	"筛选年份名称": "2022&2021&2020&2019&2018&2017&2016&2015&2014&2013&2012&2011&2010&2009&2008&2007&2006&2005&2004",
	"筛选年份替换词": "*",
	//{lang}
	"筛选语言名称": "国语&英语&粤语&闽南语&韩语&日语&法语&德语&其它||国语&英语&粤语&闽南语&韩语&日语&其它||国语&英语&粤语&闽南语&韩语&日语&其它||",
	"筛选语言替换词": "*",
	//{by}
	"筛选排序名称": "最新排序&人气排序&评分排序",
	"筛选排序替换词": "time&hits&score",
	"cat_mode": "1",
	"cat_arr_rule": ".myui-vodlist.clearfix&&li",
	"cat_is_jsoup": "1",
	"cat_title": "a&&title",
	"cat_url": "a&&href",
	"cat_pic": ".lazyload&&data-original",
	"cat_subtitle": ".pic-text.text-right&&Text",
	"cat_prefix": "https://www.jiaozi.me",
	"cat_suffix": "",
	"SHeaders": "User-Agent$MOBILE_UA",
    "search_url": "https://www.jiaozi.me/search.php?searchword={wd}",
	"sea_PtBody": "",
	"search_mode": "1",
	"sea_arr_rule": "body&&.thumb",
	"sea_is_jsoup": "1",
	"sea_pic": "a&&data-original",
	"sea_title": "a&&title",
	"sea_url": "a&&href",
	"sea_subtitle": ".pic-text.text-right&&Text",
	"search_prefix": "https://www.jiaozi.me",
	"search_suffix": "",
	"force_play": "0",
	"play_prefix": "https://live.52sf.ga/huya/",
	"play_suffix": "#isVideo=true#",
	"play_header": "authority$ku.peizq.online#Referer$https://play.peizq.online",
	"proj_is_jsoup": "0",
	"proj_cate": "",
	"proj_year": "",
	"proj_area": "导演：</span>&&</p>",
	"proj_actor": "演员：</span>&&</p>",
	"proj_plot": "简介：</span>&&</p>",
	"tab_arr_rule": ".nav.nav-tabs.active&&li",
	"tab_title": "Text",
	"list_arr_rule": "body&&.myui-content__list.sort-list",
	"epi_arr_rule": "a",
	"epi_is_jsoup": "1",
	"epi_title": "a&&Text",
	"epi_url": "a&&href",
	"epi_reverse": "0",
	"epiurl_prefix": "https://www.jiaozi.me",
	"epiurl_suffix": "",
	"Anal_MacPlayer": "2",
	"ManualSniffer": "1",
	"VideoFormat": ".mp4#.m3u8#.flv#.m3u8?#st=",
	"VideoFilter": ".html#=http"
}