{
    "规则名": "",
    "请求头参数": "User-Agent$电脑",
    "网页编码格式": "UTF-8",
    "图片是否需要代理": "1",
    "是否开启获取首页数据": "0",
    "首页推荐链接": "https://www.bilituys.com",
    "首页列表数组规则": "body&&.stui-vodlist&&li",
    "首页片单列表数组规则": ".stui-vodlist__box",
    "首页片单是否Jsoup写法": "1",
    "分类起始页码": "1",
    "分类链接": "https://www.bilituys.com/bilishow/{cateId}-{area}-{by}-{class}-{lang}-------{year}.html",
    "分类名称": "电影&剧集&综艺&动漫",
    "分类名称替换词": "1&2&3&4",
    "筛选数据": "ext",
    "筛选子分类名称": "动作片&喜剧片&科幻片&战争片&爱情片&恐怖片&剧情片&动画片||空||空||空||空||空",
    "筛选子分类替换词": "6&11&8&10&7&9&20&21||空||空||空||空||空",
    "分类截取模式": "1",
    "分类列表数组规则": "ul.stui-vodlist.clearfix&&li",
    "分类片单是否Jsoup写法": "1",
    "分类片单标题": "a&&title",
    "分类片单链接": "a&&href",
    "分类片单图片": ".lazyload&&data-original",
    "分类片单副标题": ".text-right&&Text",
    "分类片单链接加前缀": "https://www.bilituys.com",
    "分类片单链接加后缀": "",
    "搜索请求头参数": "User-Agent$电脑",
    "搜索链接": "https://www.bilituys.com/index.php/ajax/suggest?mid=1&wd={wd}",
    "POST请求数据": "",
    "搜索截取模式": "0",
    "搜索列表数组规则": "list",
    "搜索片单是否Jsoup写法": "1",
    "搜索片单图片": "pic",
    "搜索片单标题": "name",
    "搜索片单链接": "id",
    "搜索片单副标题": "",
    "搜索片单链接加前缀": "https://www.bilituys.com",
    "搜索片单链接加后缀": "",
    "链接是否直接播放": "0",
    "直接播放链接加前缀": "",
    "直接播放链接加后缀": "#isVideo=true#",
    "直接播放直链视频请求头": "authority$ku.peizq.online#Referer$https://play.peizq.online",
    "详情是否Jsoup写法": "0",
    "类型详情": "",
    "年代详情": "",
    "地区详情": "更新：</span>&&</div>",
    "演员详情": "主演：</span>&&</div>",
    "简介详情": "class=\"detail-content\"&&</p>",
    "线路列表数组规则": "body&&.stui-vodlist__head",
    "线路标题": "h3.title&&Text",
    "播放列表数组规则": "body&&.stui-content__playlist",
    "选集列表数组规则": "a",
    "选集标题链接是否Jsoup写法": "1",
    "选集标题": "Text",
    "选集链接": "a&&href",
    "是否反转选集序列": "0",
    "选集链接加前缀": "https://www.bilituys.com",
    "选集链接加后缀": "",
    "分析MacPlayer": "2",
    "是否开启手动嗅探": "0",
    "手动嗅探视频链接关键词": "mp4#.m3u8",
    "手动嗅探视频链接过滤词": "html#=http#=https"
}