{
  "drives": [
   //{"name": "☁️云星日记","server": "http://alist.itvbox.cc/"},
 
    {
      "name": "🍆神器云",
      "server": "https://al.chirmyram.com"
    },
    {
      "name": "💢丫仙女",
      "server": "http://alist.xiaoya.pro"
    },
    {
     "name": "🎢arhome",
     "server": "https://xn--ar-4g8e.tk"
    },
     {
        "name" : "🌊七米蓝",
        "server" : "https://al.chirmyram.com"
    },
        {
        "name" : "☃️姬路白雪",
        "server" : "https://pan.jlbx.xyz"
    },
    {
     "name": "🧬杜比",
     "server": "https://dubi.tk"
    },

    {
     "name": "🐋一只鱼",
     "server": "https://alist.youte.ml"
    },
    {
     "name": "🐉神族九帝",
     "server": "https://alist.shenzjd.com"
    },

    {
     "name": "✨星梦",
     "server": "https://pan.bashroot.top"
    },
    {
     "name": "💫触光",
     "server": "https://pan.ichuguang.com"
    },

    {
     "name": "💦讯维",
     "server": "https://pan.xwbeta.com"
    }
  ]
}  
