{
   "☁️云星日记":"http://alist.itvbox.cc/",
  "💢小雅":"http://alist.xiaoya.pro",
  "🌤晴园的宝藏库":"https://alist.52qy.repl.co",
  "🐋一只鱼":"https://alist.youte.ml",
  "🌊七米蓝":"https://al.chirmyram.com", 
  "讯维云盘":"https://pan.xwbeta.com",
  "🐉神族九帝":"https://alist.shenzjd.com",
  "💦姬路白雪の小站":"https://pan.jlbx.xyz",
  "🐭米奇妙妙屋":"https://anime.mqmmw.ga",
  "☃姬路白雪":"https://pan.jlbx.xyz",
  "💾DISK":"http://124.222.140.243:8080",
  "🌨云播放":"https://quanzi.laoxianghuijia.cn",
  "💫触光":"https://pan.ichuguang.com",
 
  "🛵杜比": "https://dubi.tk",
  "🛺帥鵬": "https://hi.shuaipeng.wang",
  "💡星夢": "https://pan.bashroot.top",
  "🕯️梓澪": "https://zi0.cc",
  "💶資源小站": "https://960303.xyz",
   //"💢资源小站2": "https://pan666.cn",
  "🛐AR7资源": " https://alist.arhomenet.tk",
  "🕵好汉吧":"https://8023.haohanba.cn",
  "🎧听闻网盘":"https://wangpan.sangxuesheng.com",
  "🌨秋雨分享":"https://share.laowang.me",
  "💂歐逼":"https://alistcn.repl.co",
   "🎡9T网盘":"https://drive.9t.ee",
   "🧍‍♂️木偶":"https://www.kugutsu.ml",
  
 "🌊云哲小站": "http://202.81.231.111:50526",
     "🐮98NB": "https://a.98nb.ga",
   
    "🎢arhome": "https://xn--ar-4g8e.tk",
    "🌸菊花盘":"https://pan.142856.xyz"
  
 
}
