{
  "author": "20220611",
  "name": "斗鱼",
  "url": "https://www.douyu.com/", //填网站链接
  "tihuan": "cnzz.com", //这个不用动，是个别网站嗅探时过滤地址用的
  "User": "空", //这个不用动，是个别网站播放需要请求头时才用到
  "shouye": "1",

  "fenlei": "一起看$gapi/rkc/directory/mixList/2_208/#网游竞技$gapi/rkc/directory/mixList/1_1/#单机热游$gapi/rkc/directory/mixList/1_15/#手游休闲$gapi/rkc/directory/mixList/1_9/#娱乐天地$gapi/rkc/directory/mixList/1_2/#科技文化$gapi/rkc/directory/mixList/1_11/#语音互动$gapi/rkc/directory/mixList/1_20/#语音直播$gapi/rkc/directory/mixList/1_18/#正能量$gapi/rkc/directory/mixList/1_13/#颜值$gapi/rkc/directory/mixList/2_201/#音乐$gapi/rkc/directory/mixList/2_175/#舞蹈$gapi/rkc/directory/mixList/2_1008/#二次元$gapi/rkc/directory/mixList/2_174/#户外$gapi/rkc/directory/mixList/2_124/#美食$gapi/rkc/directory/mixList/2_194/#互动交友$gapi/rkc/directory/mixList/2_1555/#趣生活$gapi/rkc/directory/mixList/2_1097/#数码科技$gapi/rkc/directory/mixList/2_134/#文化$gapi/rkc/directory/mixList/2_195/#科普$gapi/rkc/directory/mixList/2_204/#社会人文$gapi/rkc/directory/mixList/2_1162/#汽车$gapi/rkc/directory/mixList/2_136/#纪录片$gapi/rkc/directory/mixList/2_514/#斗鱼购物$gapi/rkc/directory/mixList/2_1203/#交友$gapi/rkc/directory/mixList/2_1221/#电台$gapi/rkc/directory/mixList/2_1556/#一起玩$gapi/rkc/directory/mixList/2_1575/#音乐之声$gapi/rkc/directory/mixList/2_910/#正能量$gapi/rkc/directory/mixList/2_250/#英雄联盟$gapi/rkc/directory/mixList/2_1/#热门游戏$gapi/rkc/directory/mixList/2_270/#DOTA2$gapi/rkc/directory/mixList/2_3/#穿越火线$gapi/rkc/directory/mixList/2_33/#CFHD$gapi/rkc/directory/mixList/2_1997/#DNF$gapi/rkc/directory/mixList/2_40/#炉石传说$gapi/rkc/directory/mixList/2_2/#CS:GO$gapi/rkc/directory/mixList/2_6/#逆战$gapi/rkc/directory/mixList/2_46/#lol云顶之弈$gapi/rkc/directory/mixList/2_917/#魔兽争霸$gapi/rkc/directory/mixList/2_55/#魔兽怀旧服$gapi/rkc/directory/mixList/2_1055/#网易游戏$gapi/rkc/directory/mixList/2_3567/#守望先锋$gapi/rkc/directory/mixList/2_148/#DOTA$gapi/rkc/directory/mixList/2_217/#魔兽世界$gapi/rkc/directory/mixList/2_5/#天涯明月刀$gapi/rkc/directory/mixList/2_59/#三国杀$gapi/rkc/directory/mixList/2_14/#主机游戏$gapi/rkc/directory/mixList/2_19/#永劫无间$gapi/rkc/directory/mixList/2_1227/#生死狙击2$gapi/rkc/directory/mixList/2_1781/#迷失ARK$gapi/rkc/directory/mixList/2_3528/#艾尔登法环$gapi/rkc/directory/mixList/2_3406/#逃离塔科夫$gapi/rkc/directory/mixList/2_1024/#V Rising$gapi/rkc/directory/mixList/2_3684/#海上狼人杀$gapi/rkc/directory/mixList/2_3556/#怀旧游戏$gapi/rkc/directory/mixList/2_26/#王者荣耀$gapi/rkc/directory/mixList/2_181/#和平精英$gapi/rkc/directory/mixList/2_350/#火影忍者$gapi/rkc/directory/mixList/2_196/#LOL手游$gapi/rkc/directory/mixList/2_1920/#金铲铲之战$gapi/rkc/directory/mixList/2_2556/#重返帝国$gapi/rkc/directory/mixList/2_2915/#COD手游$gapi/rkc/directory/mixList/2_767/#哈利波特：魔法觉醒$gapi/rkc/directory/mixList/2_1192/#CF手游$gapi/rkc/directory/mixList/2_178/#欢乐斗地主$gapi/rkc/directory/mixList/2_416/#原神$gapi/rkc/directory/mixList/2_1223/#天刀手游$gapi/rkc/directory/mixList/2_911/#棋牌娱乐$gapi/rkc/directory/mixList/2_113/#欢乐麻将$gapi/rkc/directory/mixList/2_451/#新游中心$gapi/rkc/directory/mixList/2_229/#QQ飞车$gapi/rkc/directory/mixList/2_331/#阴阳师$gapi/rkc/directory/mixList/2_240/#热门手游$gapi/rkc/directory/mixList/2_30/", //网站列表的分类
  "houzhui": "", //网站翻页链接的后缀

  "shifouercijiequ": "0", //截取的列表数组是否需要二次截取，0不需要，1需要
  "jiequqian": "空", //不需要二次截取就填空
  "jiequhou": "空", //不需要二次截取就填空
  "jiequshuzuqian": "\"type\":1", //截取的列表数组的前关键词,截取的关键词有 " 的用 \ 进行转义
  "jiequshuzuhou": "\"rs16\"", //截取的列表数组的后关键词,截取的关键词有 " 的用 \ 进行转义
  "tupianqian": "\"rs1\":\"", //列表中资源的图片前关键词,截取的关键词有 " 的用 \ 进行转义
  "tupianhou": "\"", //列表中资源的图片后关键词,截取的关键词有 " 的用 \ 进行转义
  "biaotiqian": "\"rn\":\"", //列表中资源的标题前关键词,截取的关键词有 " 的用 \ 进行转义
  "biaotihou": "\"", //列表中资源的标题后关键词,截取的关键词有 " 的用 \ 进行转义
  "lianjieqian": "\"rid\":", //列表中资源的详情页跳转链接前关键词,截取的关键词有 " 的用 \ 进行转义
  "lianjiehou": ",\"", //列表中资源的详情页跳转链接后关键词,截取的关键词有 " 的用 \ 进行转义

  //搜索部分基本不用动，现在网站基本都是苹果CMS，所有搜索是固定的。
  "sousuoqian": "/japi/search/api/searchShow?kw=",
  "sousuohou": "&page=1&pageSize=50",
  "sousuohouzhui": "/", //搜索页影片跳转详情页的中间标识链接部分
  "ssmoshi": "0",
  "sousuoshifouercijiequ": "0",
  "jspic": "roomSrc",
  "jsname": "roomName",
  "jsid": "rid",
  "ssjiequqian": "空",
  "ssjiequhou": "空",
  "ssjiequshuzuqian": "空",
  "ssjiequshuzuhou": "空",
  "sstupianqian": "空",
  "sstupianhou": "空",
  "ssbiaotiqian": "空",
  "ssbiaotihou": "空",
  "sslianjieqian": "空",
  "sslianjiehou": "空",

  "bfshifouercijiequ": "0",
  "bfjiequqian": "空",
  "bfjiequhou": "空",
  "bfjiequshuzuqian": "left\"><div class=\"Title", //播放截取的列表数组的前关键词
  "bfjiequshuzuhou": "</a>", //播放截取的列表数组的后关键词

  "zhuangtaiqian": "更新：</span>", //状态前关键词
  "zhuangtaihou": "</p>", //状态后关键词
  "daoyanqian": "导演：</span>", //导演前关键词
  "daoyanhou": "</p>", //导演态后关键词
  "zhuyanqian": "主演：</span>", //主演前关键词
  "zhuyanhou": "</p>", //主演后关键词
  "juqingqian": "简介：</span>", //剧情前关键词
  "juqinghou": "</div>", //剧情后关键词

  "bfyshifouercijiequ": "0", //截取的播放列表数组是否需要二次截取，0不需要，1需要
  "bfyjiequqian": "空", //不需要二次截取就填空
  "bfyjiequhou": "空", //不需要二次截取就填空
  "bfyjiequshuzuqian": "<h3 class=\"Title", //播放剧集数组前关键词
  "bfyjiequshuzuhou": "target=\"_blank", //播放剧集数组后关键词
  "bfbiaotiqian": "header\">", //播放剧集标题前关键词
  "bfbiaotihou": "</h3>", //状播放剧集标题后关键词
  "bflianjieqian": "rid=", //播放剧集链接前关键词
  "bflianjiehou": "\""
} //播放剧集链接后关键词