{
  "classes": [
  {
      "type_name": "车模",
      "type_id": "车模"
    },
    {
      "type_name": "中国车模",
      "type_id": "中国车模"
    },
    {
      "type_name": "韩国车模",
      "type_id": "韩国车模"
    },
   {
      "type_name": "日本车模",
      "type_id": "日本车模"
    },
    {
      "type_name": "欧美车模",
      "type_id": "欧美车模"
    },
    {
      "type_name": "俄罗斯车模",
      "type_id": "俄罗斯车模"
    },
    {
      "type_name": "印度车模",
      "type_id": "印度车模"
    },
   {
      "type_name": "越南车模",
      "type_id": "越南车模"
    },
    {
      "type_name":"吾爱评测整理",
      "type_id": "吾爱评测"
    }

    ],
    
    "cookie": "innersign=0;buvid3=2E536ADC-CD6D-46AB-A9FF-904395151EE369713infoc;b_nut=1669016569;i-wanna-go-back=-1;b_ut=7;_uuid=761F7F106-C575-884D-6C10A-92BC10A10D10FBC68934infoc;buvid4=5B25B999-AE15-E09A-A0CC-3661981B71BF70255-122112115-JOyWSaNZfI2kZmT1KYmcQA%3D%3D;fingerprint=6d9ef93c89a567d22b6a9c4104e6cc50;buvid_fp_plain=undefined;buvid_fp=6d9ef93c89a567d22b6a9c4104e6cc50;SESSDATA=2d6f63c8%2C1684568607%2C19eb6%2Ab1;bili_jct=21d538b01566c26afc81ff68c2ac7dca;DedeUserID=3493083203242585;DedeUserID__ckMd5=7b86f3894ed7f8c0;sid=ng0uyvaz;b_lsid=97FB69A2_1869DE8E2C5;bg_view_44176=720227",
    // "cookie":"_uuid=5E4B2B98-1014A-84D8-FA33-EC210C5BEC10DA82367infoc; buvid3=E9D0A426-85E9-E6C7-C75E-206A3E1BEB4D81910infoc; b_nut=1666168082; buvid4=4FC87B9C-3540-2275-688C-8612D3EA719B81910-022101916-ZLe640jXRAMHySuaCe9aUw==; rpdid=|(k|u)YYm)uY0J'uYYYuY)uuu; i-wanna-go-back=-1; fingerprint=9c214a6da0197a48e576ccf22e9f0ac7; buvid_fp_plain=undefined; nostalgia_conf=-1; DedeUserID=3493076028885079; DedeUserID__ckMd5=60a8757a1f4d6ae9; buvid_fp=9c214a6da0197a48e576ccf22e9f0ac7; CURRENT_QUALITY=80; b_ut=5; PVID=2; bp_video_offset_3493076028885079=undefined; bsource=search_google; SESSDATA=42b8ada6,1683277266,4bd05*b2; bili_jct=2dbe39aea02b41324395630a24d4775f; sid=89gnel66; innersign=0; b_lsid=9EF63922_1844D55A286; CURRENT_FNVAL=4048",

  "filter": {"车模": [
{"key": "order","name": "排序","value": [
{"n": "综合排序","v": "0"},
{"n": "最多点击","v": "click"},
{"n": "最新发布","v": "pubdate"},
{"n": "最多弹幕","v": "dm"},
{"n": "最多收藏","v": "stow"}
]
},
   {"key": "tid","name": "分类","value": [
          {
            "n": "全部",
            "v": "车模4K"
          },
          {
            "n": "国内车模",
            "v": "国内车模"
          },
           {
            "n": "韩国车模",
            "v": "韩国车模"
          },
          {
            "n": "日本车模",
            "v": "日本车模"
            },

           {
            "n": "欧美车模",
            "v": "欧美车模"
          },
          {
            "n": "俄罗斯车模",
            "v": "俄罗斯车模"
          },
          {
            "n": "印度车模",
            "v": "印度车模"
          },
          {
            "n": "越南车模",
            "v": "越南车模"
          },
          
          {
            "n": "韩国许允美",
            "v": "韩国许允美车模超清"
          },
          
          {
            "n": "韩国宋姝儿",
            "v": "韩国宋姝儿车模超清"
          },
          
          {
            "n": "韩国金达娜",
            "v": "韩国金达娜车模超清"
          },
          
          {
            "n": "韩国金夏律",
            "v": "韩国金夏律车模超清"
          },
          
           {
            "n": "韩国洪智妍",
            "v": "韩国洪智妍车模超清"
          },
          
           {
            "n": "韩国安娜京",
            "v": "韩国安娜京车模超清"
          },
          
           {
            "n": "韩国金夏律",
            "v": "韩国金夏律车模超清"
          },
          
            {
            "n": "韩国南素拉",
            "v": "韩国南素拉车模超清"
          }
            ]
            },

{"key": "duration","name": "时长","value": [
{"n": "全部时长","v": "0"},
{"n": "60分钟以上","v": "4"},
{"n": "30~60分钟","v": "3"},
{"n": "10~30分钟","v": "2"},
{"n": "10分钟以下","v": "1"}

]}
]}
}
