{
    "spider": "clan://TVBox/jar/fm.jar;md5;fd1b07d4bc51c76f592a56c3185efcfe",
    "lives": [
        {
            "group": "redirect",
            "channels": [
                {
                    "name": "live",
                    "urls": [
                        "proxy://do=live&type=txt&ext=aHR0cDovL21hb3lpbmdzaGkuY2MvdHZib3gvemhpYm8vMS50eHQ="
                    ]
                }
            ]
        }
    ],
    "warningText": "接口由公众号【云星日记】免费提供",
    "wallpaper": "http://maoyingshi.cc/api.php",
    "sites": [
        {
            "key": "Czsapp",
            "name": "🏭厂长影视〔SP〕Q群：211185159",
            "type": "3",
            "api": "csp_Czsapp",
            "searchable": "1",
            "quickSearch": "1",
            "filterable": "1"
        },
        {
            "key": "csp_LiteApple",
            "name": "🍎小苹果〔SP〕0308更新接口",
            "type": 3,
            "api": "csp_LiteApple",
            "searchable": 1,
            "quickSearch": 1,
            "filterable": 1
        },
        {
            "key": "js七七",
            "name": "🌈┃七七影视〔SP〕",
            "type": 3,
            "api": "clan://TVBox/JS/lib/drpy.min.js",
            "ext": "clan://TVBox/JS/js/酷云77.js",
            "searchable": 1,
            "quickSearch": 1,
            "filterable": 1
        },
        {
            "key": "js豆瓣",
            "name": "🐼豆瓣推荐〔SP〕",
            "type": 3,
            "api": "clan://TVBox/JS/lib/drpy.min.js",
            "ext": "clan://TVBox/JS/js/drpy.js",
            "searchable": 0,
            "quickSearch": 0,
            "filterable": 0
        },
        {
            "key": "csp_SP360",
            "name": "💘360〔SP〕",
            "type": 3,
            "api": "csp_SP360",
            "searchable": 1,
            "quickSearch": 1,
            "filterable": 1,
            "jar":"clan://TVBox/jar/xzy1029.jar"
        },
        {
            "key": "csp_BuLei",
            "name": "🍩布雷影视〔SP〕",
            "type": 3,
            "api": "csp_BuLei",
            "searchable": 1,
            "quickSearch": 1,
            "filterable": 1,
            "m3u8ads": "wan.51img1.com"
        },
        {
            "key": "csp_Kuaikan",
            "name": "👀快看〔SP〕",
            "type": 3,
            "api": "csp_Kuaikan",
            "searchable": 1,
            "quickSearch": 1,
            "filterable": 1
        },
        {
            "key": "YQK_spider",
            "name": "🙆一起看〔SP〕",
            "api": "csp_YQKAPP",
            "type": 3,
            "filterable": 1,
            "playerType": 2,
            "quickSearch": 1,
            "searchable": 1,
            "ext": "https://api-tx.shumaxc.xyz",
            "jar": "http://我不是.肥猫.love:63/Jar/qq2.jar;md5;4E872E4AA2D4F8B6F4FFBC11E6B3E1A1"
        },
        {
            "key": "csp_AppMr",
            "name": "👻明明〔SP〕",
            "type": 3,
            "api": "csp_AppMr",
            "searchable": 1,
            "quickSearch": 1,
            "filterable": 1
        },
        {
            "key": "csp_Yht",
            "name": "🌵荷塘影视〔SP〕",
            "type": 3,
            "api": "csp_Yht",
            "searchable": 1,
            "quickSearch": 1,
            "filterable": 1,
            "ext": "https://yehetang.cc"
        },
        {
            "key": "csp_xpNmys",
            "name": "🌾农民〔SP〕",
            "type": 3,
            "api": "csp_Nmys",
            "searchable": 1,
            "quickSearch": 1,
            "filterable": 1,
            "ext": "clan://TVBox/MaooXP/nmys.json"
        },
        {
            "key": "csp_Cokemv",
            "name": "📺Cokemv〔SP〕",
            "type": 3,
            "api": "csp_Cokemv",
            "searchable": 1,
            "quickSearch": 1,
            "filterable": 1
        },
        {
            "key": "csp_Lib",
            "name": "💫Lib〔SP〕",
            "type": 3,
            "api": "csp_Libvio",
            "searchable": 1,
            "playerType": 2,
            "quickSearch": 1,
            "filterable": 0,
            "ext": "https://tv.libvio.cc"
        },
        {
            "key": "csp_Auete",
            "name": "🏝Aue〔SP〕",
            "type": 3,
            "api": "csp_Auete",
            "searchable": 1,
            "quickSearch": 1,
            "filterable": 1
        },
        {
            "key": "csp_Bd",
            "name": "☀️哔嘀影视〔SP〕",
            "type": 3,
            "api": "csp_Bdys01",
            "searchable": 1,
            "quickSearch": 1,
            "filterable": 1
        },
        {
            "key": "csp_panghu",
            "name": "🐯胖虎影视〔SP〕",
            "type": 3,
            "api": "csp_Panghu",
            "searchable": 1,
            "quickSearch": 1,
            "filterable": 1
        },
        {
            "key": "csp_Bttoo",
            "name": "🔺┃Btto┃影视",
            "api": "csp_Bttwoo",
            "type": 3,
            "filterable": 1,
            "quickSearch": 1,
            "searchable": 1
        },
        {
            "key": "mtv_XBPQ_映迷影视",
            "name": "🐾映迷影视〔SP〕",
            "type": 3,
            "api": "csp_xBPQ",
            "searchable": 1,
            "quickSearch": 1,
            "filterable": 1,
            "ext": "clan://TVBox/xBPQ/映迷影院xbpq.json"
        },
        {
            "key": "csp_app_源头",
            "name": "🐈┃肥猫┃影院",
            "type": 1,
            "api": "http://我是.肥猫.love:63/api.php/provide/vod/?ac=list",
            "searchable": 1,
            "quickSearch": 1,
            "filterable": 1
        },
        {
            "key": "teng",
            "name": "🐧┃企鹅┃官源",
            "type": 3,
            "api": "csp_QQ",
            "searchable": 1,
            "quickSearch": 1,
            "filterable": 1
        },
        {
            "key": "MGT",
            "name": "🍋┃芒果┃官源",
            "type": 3,
            "api": "csp_Mgtv",
            "searchable": 1,
            "quickSearch": 1,
            "filterable": 1
        },
        {
            "key": "csp_Anime1",
            "name": "🐾日本动漫〔SP〕",
            "type": 3,
            "api": "csp_Anime1",
            "playerType": 2,
            "searchable": 1,
            "quickSearch": 1,
            "filterable": 1
        },
        {
            "key": "csp_XBiu233动漫",
            "name": "🦁233动漫〔SP〕",
            "type": 3,
            "api": "csp_XBiu",
            "ext": "https://www.233dm.cc/show/{cateId}--------{catePg}---.html"
        },
        {
            "key": "csp_Ysj",
            "name": "🐲异界动漫〔SP〕",
            "type": 3,
            "api": "csp_Ysj",
            "searchable": 1,
            "quickSearch": 1,
            "filterable": 1
        },
        {
            "key": "drpy_js_有声小说吧",
            "name": "📻┃有声┃小说",
            "type": 3,
            "api": "clan://TVBox/JS/lib/drpy2.min.js",
            "ext": "clan://TVBox/JS/js/有声小说吧.js",
            "jar": "http://我不是.肥猫.love:63/Jar/JS.jar;md5;74A24673CC1587FA87EC2D1F43BFA4CB"
        },
        {
            "key": "drpy_js_蜻蜓FM",
            "name": "📻┃蜻蜓┃收音",
            "type": 3,
            "api": "clan://TVBox/JS/lib/drpy2.min.js",
            "ext": "clan://TVBox/JS/js/蜻蜓FM.js",
            "jar": "http://我不是.肥猫.love:63/Jar/JS.jar;md5;74A24673CC1587FA87EC2D1F43BFA4CB"
        },
        {
            "key": "csp_Yj1211",
            "name": "📱游戏直播〔SP〕",
            "type": 3,
            "api": "csp_Yj1211",
            "searchable": 1,
            "quickSearch": 1,
            "filterable": 1
        },
        {
            "key": "csp_XPath_企鹅体育",
            "name": "🐧┃企鹅┃体育",
            "type": 3,
            "api": "csp_XPath",
            "searchable": 0,
            "quickSearch": 0,
            "filterable": 0,
            "ext": "http://我不是.肥猫.love:63/json/企鹅直播.json"
        },
        {
            "key": "dr_88看球",
            "name": "🏀┃八八┃看球",
            "type": 3,
            "api": "clan://TVBox/JS/lib/drpy2.min.js",
            "searchable": 0,
            "quickSearch": 0,
            "filterable": 0,
            "ext": "clan://TVBox/JS/js/88看球.js"
        },
        {
            "key": "drpy_js_JRKAN直播",
            "name": "🏀┃JRS┃看球",
            "type": 3,
            "api": "clan://TVBox/JS/lib/drpy2.min.js",
            "ext": "clan://TVBox/JS/js/JRKAN直播.js"
        },
        {
            "key": "说明",
            "name": "公众号：云星日记",
            "type": 3,
            "api": "360",
            "searchable": 1,
            "quickSearch": 1,
            "filterable": 1
        },
        {
            "key": "说明2",
            "name": "提供免费维护",
            "type": 3,
            "api": "360",
            "searchable": 1,
            "quickSearch": 1,
            "filterable": 1
        }
    ],
    "parses": [
        {
            "name": "解析聚合",
            "type": 3,
            "url": "Demo"
        },
        {
            "name": "Json并发",
            "type": 2,
            "url": "Parallel"
        },
        {
            "name": "Json轮询",
            "type": 2,
            "url": "Sequence"
        },
        {"name":"自动解析","type":1,"url":"https://api.json.icu/api/?key=51f783bd85464b099f7ceac7ffb36020&url="},
        {"name":"手动解析","type":1,"url":"http://jiexi.xdv.icu/api/?key=sNZAzz6ewmDReFKxnw&url="},
        
        {
            "name": "云you解析①",
            "type": 1,
            "url": "https://chaloli.cn/api/?key=a5de815230236047d30c9b40b7227bd2&url="
        },
        {
            "name": "未知①",
            "type": 1,
            "url": "https://jxm.qcheng.cc/?url="
        },
        {
            "name": "Q1解析",
            "type": 1,
            "url": "http://150.158.175.250:88/parse/sign/552a0ef4c229907ea84dd1c7068ff063?url=",
            "header": {
                "User-Agent": "Mozilla/5.0"
            }
        },
        {
            "name": "刚佬解析",
            "type": 1,
            "url": "https://play.fuqizhishi.com/jx2/API.php?appkey=iiiixiaobai&url="
        },
        {
            "name": "365",
            "type": 0,
            "url": "https://chaxun.truechat365.com/?url=",
            "ext": {
                "flag": [
                    "qq",
                    "腾讯",
                    "qiyi",
                    "iqiyi",
                    "爱奇艺",
                    "奇艺",
                    "youku",
                    "优酷",
                    "mgtv",
                    "芒果",
                    "letv",
                    "乐视",
                    "pptv",
                    "PPTV",
                    "sohu",
                    "bilibili",
                    "哔哩哔哩",
                    "哔哩"
                ]
            }
        },
        {
            "name": "OK",
            "type": 0,
            "url": "https://okjx.cc/?url="
        },
        {
            "name": "rx2",
            "type": 1,
            "url": "http://rxjx.kuanjv.com/allm3u8.php?url="
        },
        {
            "name": "OKjx嗅探",
            "type": 0,
            "url": "https://okjx.cc/?url="
        }
    ],
    "flags": [
        "youku",
        "qq",
        "iqiyi",
        "qiyi",
        "letv",
        "sohu",
        "tudou",
        "pptv",
        "mgtv",
        "wasu",
        "bilibili",
        "renrenmi"
    ],
    "ijk": [
        {
            "group": "软解码",
            "options": [
                {
                    "category": 4,
                    "name": "opensles",
                    "value": "0"
                },
                {
                    "category": 4,
                    "name": "overlay-format",
                    "value": "842225234"
                },
                {
                    "category": 4,
                    "name": "framedrop",
                    "value": "1"
                },
                {
                    "category": 4,
                    "name": "soundtouch",
                    "value": "1"
                },
                {
                    "category": 4,
                    "name": "start-on-prepared",
                    "value": "1"
                },
                {
                    "category": 1,
                    "name": "http-detect-range-support",
                    "value": "0"
                },
                {
                    "category": 1,
                    "name": "fflags",
                    "value": "fastseek"
                },
                {
                    "category": 2,
                    "name": "skip_loop_filter",
                    "value": "48"
                },
                {
                    "category": 4,
                    "name": "reconnect",
                    "value": "1"
                },
                {
                    "category": 4,
                    "name": "enable-accurate-seek",
                    "value": "0"
                },
                {
                    "category": 4,
                    "name": "mediacodec",
                    "value": "0"
                },
                {
                    "category": 4,
                    "name": "mediacodec-auto-rotate",
                    "value": "0"
                },
                {
                    "category": 4,
                    "name": "mediacodec-handle-resolution-change",
                    "value": "0"
                },
                {
                    "category": 4,
                    "name": "mediacodec-hevc",
                    "value": "0"
                },
                {
                    "category": 1,
                    "name": "dns_cache_timeout",
                    "value": "600000000"
                }
            ]
        },
        {
            "group": "硬解码",
            "options": [
                {
                    "category": 4,
                    "name": "opensles",
                    "value": "0"
                },
                {
                    "category": 4,
                    "name": "overlay-format",
                    "value": "842225234"
                },
                {
                    "category": 4,
                    "name": "framedrop",
                    "value": "1"
                },
                {
                    "category": 4,
                    "name": "soundtouch",
                    "value": "1"
                },
                {
                    "category": 4,
                    "name": "start-on-prepared",
                    "value": "1"
                },
                {
                    "category": 1,
                    "name": "http-detect-range-support",
                    "value": "0"
                },
                {
                    "category": 1,
                    "name": "fflags",
                    "value": "fastseek"
                },
                {
                    "category": 2,
                    "name": "skip_loop_filter",
                    "value": "48"
                },
                {
                    "category": 4,
                    "name": "reconnect",
                    "value": "1"
                },
                {
                    "category": 4,
                    "name": "enable-accurate-seek",
                    "value": "0"
                },
                {
                    "category": 4,
                    "name": "mediacodec",
                    "value": "1"
                },
                {
                    "category": 4,
                    "name": "mediacodec-auto-rotate",
                    "value": "1"
                },
                {
                    "category": 4,
                    "name": "mediacodec-handle-resolution-change",
                    "value": "1"
                },
                {
                    "category": 4,
                    "name": "mediacodec-hevc",
                    "value": "1"
                },
                {
                    "category": 1,
                    "name": "dns_cache_timeout",
                    "value": "600000000"
                }
            ]
        }
    ],
    "ads": [
        "mimg.0c1q0l.cn",
        "www.googletagmanager.com",
        "www.google-analytics.com",
        "mc.usihnbcq.cn",
        "mg.g1mm3d.cn",
        "mscs.svaeuzh.cn",
        "cnzz.hhttm.top",
        "tp.vinuxhome.com",
        "cnzz.mmstat.com",
        "www.baihuillq.com",
        "s23.cnzz.com",
        "z3.cnzz.com",
        "c.cnzz.com",
        "stj.v1vo.top",
        "z12.cnzz.com",
        "img.mosflower.cn",
        "tips.gamevvip.com",
        "ehwe.yhdtns.com",
        "xdn.cqqc3.com",
        "www.jixunkyy.cn",
        "sp.chemacid.cn",
        "hm.baidu.com",
        "s9.cnzz.com",
        "z6.cnzz.com",
        "um.cavuc.com",
        "mav.mavuz.com",
        "wofwk.aoidf3.com",
        "z5.cnzz.com",
        "xc.hubeijieshikj.cn",
        "tj.tianwenhu.com",
        "xg.gars57.cn",
        "k.jinxiuzhilv.com",
        "cdn.bootcss.com",
        "ppl.xunzhuo123.com",
        "xomk.jiangjunmh.top",
        "img.xunzhuo123.com",
        "z1.cnzz.com",
        "s13.cnzz.com",
        "xg.huataisangao.cn",
        "z7.cnzz.com",
        "xg.huataisangao.cn",
        "z2.cnzz.com",
        "s96.cnzz.com",
        "q11.cnzz.com",
        "thy.dacedsfa.cn",
        "xg.whsbpw.cn",
        "s19.cnzz.com",
        "z8.cnzz.com",
        "s4.cnzz.com",
        "f5w.as12df.top",
        "ae01.alicdn.com",
        "www.92424.cn",
        "k.wudejia.com",
        "vivovip.mmszxc.top",
        "qiu.xixiqiu.com",
        "cdnjs.hnfenxun.com",
        "cms.qdwght.com"
    ]
}