{
    "spider" : "clan://TVBox/jar/xzy1029.jar",
    "wallpaper" : "https://api.ixiaowai.cn/gqapi/gqapi.php",
    "lives" : [
            {
            "group" : "redirect",
            "channels" : [
                    {
                    "name" : "live",
                    "urls" : [
                        "proxy://do=live&type=txt&ext=aHR0cHM6Ly9hZ2l0LmFpL24vYi9yYXcvYnJhbmNoL2EvYi96Yi50eHQ="]
                }]
        }],
    "sites" : [
            {
            "key" : "csp_Kunyu77",
            "name" : "🌤酷云七七",
            "type" : 3,
            "api" : "csp_Kunyu77",
            "searchable" : 1,
            "quickSearch" : 1,
            "filterable" : 1
        },
            {
            "key" : "Lezhu_spider",
            "name" : "🐷乐猪影视",
            "api" : "csp_Lezhu",
            "type" : 3,
            "filterable" : 1,
            "quickSearch" : 1,
            "searchable" : 1,
            "ext" : ""
        },
            {
            "key" : "360_spider",
            "name" : "🥎360影视",
            "api" : "csp_SP360",
            "type" : 3,
            "filterable" : 1,
            "quickSearch" : 1,
            "searchable" : 1,
            "ext" : ""
        },
            {
            "key" : "小苹果",
            "name" : "🍎小苹果",
            "type" : 3,
            "api" : "csp_LiteApple",
            "searchable" : 1,
            "quickSearch" : 1,
            "filterable" : 1
        },
          
            {
            "key":"csp_DiDuan",
            "name":"🛣低端影视",
            "type":3,"api":"csp_Ddrk",
            "searchable":1,
            "quickSearch":1,
            "filterable":0
        },
 

            {
            "key" : "csp_Auete",
            "name" : "🐼Auete",
            "type" : 3,
            "api" : "csp_Auete",
            "searchable" : 1,
            "quickSearch" : 1,
            "filterable" : 1
        },
       
          
            {
            "key" : "快看",
            "name" : "👀快看",
            "type" : 3,
            "api" : "csp_Kuaikan",
            "searchable" : 1,
            "quickSearch" : 1,
            "filterable" : 1
        },
            {
            "key" : "csp_Anime1",
            "name" : "🌸动漫",
            "type" : 3,
            "api" : "csp_Anime1",
            "searchable" : 1,
            "quickSearch" : 1,
            "filterable" : 1
        },
            {
            "key" : "3EDY",
            "name" : "🌴3EDY(EXO)",
            "type" : 3,
            "api" : "csp_EEEDY",
            "searchable" : 1,
            "quickSearch" : 1,
            "filterable" : 1
        },
           
            {
            "key" : "csp_IQIYI",
            "name" : "🥝爱奇艺（官）",
            "type" : 3,
            "api" : "csp_IQIYI",
            "searchable" : 1,
            "quickSearch" : 1,
            "filterable" : 1
        },
            {
            "key" : "csp_Yj1211",
            "name" : "📸直播合集",
            "type" : 3,
            "api" : "csp_Yj1211",
            "searchable" : 1,
            "quickSearch" : 1,
            "filterable" : 1
        },
            {
            "key" : "短视频聚合",
            "name" : "📱短视频聚合",
            "type" : 3,
            "api" : "csp_XYQBiu",
            "searchable" : 0,
            "quickSearch" : 0,
            "filterable" : 0,
            "ext" : "https://agit.ai/l/o/raw/branch/o/o/%E7%9F%AD%E8%A7%86%E9%A2%91%E8%81%9A%E5%90%88.json"
        },
            {
            "key" : "虎牙",
            "name" : "🐯虎牙",
            "type" : 3,
            "api" : "csp_XYQBiu",
            "searchable" : 0,
            "quickSearch" : 0,
            "filterable" : 0,
            "ext" : "https://agit.ai/l/o/raw/branch/o/o/%E8%99%8E%E7%89%99.json"
        },
            {
            "key" : "网易CC",
            "name" : "🐠网易CC",
            "type" : 3,
            "api" : "csp_XYQBiu",
            "searchable" : 0,
            "quickSearch" : 0,
            "filterable" : 0,
            "ext" : "https://agit.ai/l/o/raw/branch/o/o/%E7%BD%91%E6%98%93CC.json"
        },
            {
            "key" : "csp_xpath_酷狗MV",
            "name" : "🐶酷狗MV",
            "type" : 3,
            "api" : "csp_XYQBiu",
            "searchable" : 0,
            "quickSearch" : 0,
            "filterable" : 0,
            "ext" : "https://agit.ai/l/o/raw/branch/o/o/%E9%85%B7%E7%8B%97MV.json"
        },
            {
            "key" : "csp_xpath_kuqimv",
            "name" : "🎤酷奇MV",
            "type" : 3,
            "api" : "csp_XYQBiu",
            "searchable" : 0,
            "quickSearch" : 0,
            "filterable" : 0,
            "ext" : "https://agit.ai/l/o/raw/branch/o/o/%E9%85%B7%E5%A5%87MV.json"
        },
            {
            "key" : "17kan",
            "name" : "⚽🏀17看球",
            "type" : 3,
            "api" : "csp_XYQBiu",
            "searchable" : 0,
            "quickSearch" : 0,
            "filterable" : 0,
            "ext" : "https://agit.ai/l/o/raw/branch/o/o/17%E7%9C%8B%E7%90%83.json"
        },
            {
            "key" : "csp_XYQBiu_310直播",
            "name" : "⚽🏀310直播",
            "type" : 3,
            "api" : "csp_XYQBiu",
            "searchable" : 0,
            "quickSearch" : 0,
            "filterable" : 0,
            "ext" : "https://agit.ai/l/o/raw/branch/o/o/310%E7%9B%B4%E6%92%AD.json"
        },
            {
            "key" : "csp_xpath_球迷直播",
            "name" : "⚽🏀球迷直播",
            "type" : 3,
            "api" : "csp_XPathFilter",
            "searchable" : 1,
            "quickSearch" : 1,
            "filterable" : 1,
            "ext" : "https://agit.ai/l/o/raw/branch/o/o/%E7%90%83%E8%BF%B7%E7%9B%B4%E6%92%AD.json"
        },
            {
            "key" : "csp_BBB",
            "name" : "🅱️哔哩哔哩",
            "type" : 3,
            "api" : "csp_Bili",
            "searchable" : 0,
            "quickSearch" : 0,
            "filterable" : 1,
            "ext" : "https://agit.ai/l/o/raw/branch/o/o/%E5%93%94%E5%93%A9%E5%A5%97%E9%A4%90.json"
        },
            {
            "key" : "儿童",
            "name" : "🐯儿童乐园",
            "type" : 3,
            "api" : "csp_Bili",
            "searchable" : 0,
            "quickSearch" : 0,
            "filterable" : 1,
            "ext" : "https://agit.ai/l/o/raw/branch/o/o/%E5%84%BF%E7%AB%A5%E4%B9%90%E5%9B%AD.json"
        },
            {
            "key" : "学习",
            "name" : "📝学习园地",
            "type" : 3,
            "api" : "csp_Bili",
            "searchable" : 0,
            "quickSearch" : 0,
            "filterable" : 1,
            "ext" : "https://agit.ai/l/o/raw/branch/o/o/%E5%AD%A6%E4%B9%A0%E5%9B%AD%E5%9C%B0.json"
        },
            {
            "key" : "软件",
            "name" : "📚软件教程",
            "type" : 3,
            "api" : "csp_Bili",
            "searchable" : 0,
            "quickSearch" : 0,
            "filterable" : 1,
            "ext" : "https://agit.ai/l/o/raw/branch/o/o/%E8%BD%AF%E4%BB%B6%E6%95%99%E7%A8%8B.json"
        },
            {
            "key" : "美食",
            "name" : "🍔美食合集",
            "type" : 3,
            "api" : "csp_Bili",
            "searchable" : 0,
            "quickSearch" : 0,
            "filterable" : 1,
            "ext" : "https://agit.ai/l/o/raw/branch/o/o/%E7%BE%8E%E9%A3%9F%E5%90%88%E9%9B%86.json"
        },
            {
            "key" : "音乐",
            "name" : "🎤音乐现场",
            "type" : 3,
            "api" : "csp_Bili",
            "searchable" : 0,
            "quickSearch" : 0,
            "filterable" : 1,
            "ext" : "https://agit.ai/l/o/raw/branch/o/o/%E9%9F%B3%E4%B9%90%E7%8E%B0%E5%9C%BA.json"
        },
            {
            "key" : "热舞",
            "name" : "💃女团热舞",
            "type" : 3,
            "api" : "csp_Bili",
            "searchable" : 0,
            "quickSearch" : 0,
            "filterable" : 1,
            "ext" : "https://agit.ai/l/o/raw/branch/o/o/%E5%A5%B3%E5%9B%A2%E7%83%AD%E8%88%9E.json"
        },
            {
            "key" : "戏曲",
            "name" : "👘戏曲合集",
            "type" : 3,
            "api" : "csp_Bili",
            "searchable" : 0,
            "quickSearch" : 0,
            "filterable" : 1,
            "ext" : "https://agit.ai/l/o/raw/branch/o/o/%E6%88%8F%E6%9B%B2%E5%90%88%E9%9B%86.json"
        },
            {
            "key" : "csp_Alist",
            "name" : "🗂Alist合集",
            "type" : 3,
            "api" : "csp_Alist",
            "searchable" : 1,
            "quickSearch" : 0,
            "filterable" : 0,
            "ext" : "https://agit.ai/l/o/raw/branch/o/o/Alist.json"
        },
            {
            "key" : "csp_bendi",
            "name" : "📂本地视频",
            "type" : 3,
            "api" : "csp_LocalFile",
            "searchable" : 0,
            "quickSearch" : 0,
            "filterable" : 0,
            "type_flag" : 1
        },
            {
            "key" : "T4聚合",
            "name" : "🎯T4聚合",
            "type" : 4,
            "api" : "https://t4.secan.icu/vod?sites=all&ali_token=8f0b3f0dc1834f309f077ea5549e99a8&timeout=5",
            "searchable" : 1,
            "quickSearch" : 1,
            "filterable" : 1
        },
            {
            "key" : "Gitcafe",
            "name" : "🔖小纸条",
            "type" : 3,
            "api" : "csp_Gitcafe",
            "searchable" : 1,
            "quickSearch" : 1,
            "filterable" : 1,
            "ext" : "clan://TVBox/jar/alitoken.txt",
            "jar": "clan://TVBox/jar/ali刷新.jar"
        },

         {"key": "紙條","name": "📜纸条 | 搜索","type": 3,"api": "csp_Paper","searchable": 1,"quickSearch": 1,"filterable": 0,"changeable": 0,"ext": "clan://TVBox/jar/alitoken.txt","jar": "clan://TVBox/jar/fm.jar"},
//{"key": "易搜","name": "😹易搜┃搜索","type": 3,"api": "csp_YiSo","searchable": 1,"quickSearch": 1,"filterable": 0,"changeable": 0,"ext": "clan://TVBox/jar/alitoken.txt","jar": "clan://TVBox/jar/fm.jar"},
//{"key": "盤搜","name": "😻盘搜 | 搜索","type": 3,"api": "csp_PanSou","searchable": 1,"quickSearch": 1,"filterable": 0,"changeable": 0,"ext": "clan://TVBox/jar/alitoken.txt","jar": "clan://TVBox/jar/fm.jar"},
//{"key": "UP雲搜","name": "😻Up云搜┃搜索","type": 3,"api": "csp_UpYun","searchable": 1,"quickSearch": 1,"filterable": 0,"changeable": 0,"ext": "clan://TVBox/jar/alitoken.txt","jar": "clan://TVBox/jar/fm.jar"},
//{"key": "找資源","name": "😺找资源 | 搜索","type": 3,"api": "csp_Zhaozy","searchable": 1,"quickSearch": 1,"filterable": 0,"changeable": 0,"ext": "clan://TVBox/jar/alitoken.txt$$$yingshi$$$abcd1234","jar": "clan://TVBox/jar/fm.jar"},
//{"key": "push_agent","name": "🐱推送(阿里推送/磁力推送)","type": 3,"api": "csp_Push","searchable": 1,"quickSearch": 1,"filterable": 0,"changeable": 0,"ext": "clan://TVBox/jar/alitoken.txt","jar": "clan://TVBox/jar/fm.jar"},
{"key": "push_agent", "name": "🍭推送(海阔规则)", "type": 3, "api": "csp_PushAgent", "searchable": 0,"quickSearch": 0, "filterable": 0,"ext": "clan://TVBox/jar/alitoken.txt","jar": "clan://TVBox/Hk/Hk.jar"},
            {
            "key" : "csp_xpath_clss",
            "name" : "🧲磁搜",
            "type" : 3,
            "api" : "csp_XPathFilter",
            "searchable" : 1,
            "quickSearch" : 1,
            "filterable" : 1,
            "ext" : "https://agit.ai/l/o/raw/branch/o/o/%E7%A3%81%E5%8A%9B%E6%90%9C%E7%B4%A2.json"
        },
            {
            "key" : "bdys",
            "name" : "🧲哔嘀磁力",
            "type" : 3,
            "api" : "csp_XPbd",
            "searchable" : 1,
            "quickSearch" : 1,
            "filterable" : 1,
            "ext" : "https://agit.ai/l/o/raw/branch/o/o/%E7%A3%81%E5%8A%9B.json"
        },
            {
            "key" : "csp_xpath_yinfans",
            "name" : "💥音范丝4K",
            "type" : 3,
            "api" : "csp_XPath",
            "searchable" : 1,
            "quickSearch" : 1,
            "filterable" : 1,
            "ext" : "https://agit.ai/l/o/raw/branch/o/o/%E9%9F%B3%E8%8C%83%E4%B8%9D.json"
        },
         
            {
            "key" : "csp_xp_jLgyy",
            "name" : "💎蓝光影院",
            "type" : 3,
            "api" : "csp_XBiubiu",
            "searchable" : 1,
            "quickSearch" : 1,
            "filterable" : 1,
            "ext" : "https://agit.ai/l/o/raw/branch/o/o/%E8%93%9D%E5%85%89%E5%BD%B1%E9%99%A2.json"
        },
           
            {
            "key" : "csp_biubiu_骚火电影",
            "name" : "🔥骚火电影",
            "type" : 3,
            "api" : "csp_XBiubiu",
            "searchable" : 1,
            "quickSearch" : 1,
            "filterable" : 1,
            "ext" : "https://agit.ai/l/o/raw/branch/o/o/%E9%AA%9A%E7%81%AB%E7%94%B5%E5%BD%B1.json"
        },
           
            {
            "key" : "六度影视",
            "name" : "🍨六度影视",
            "type" : 3,
            "api" : "csp_XBiubiu",
            "searchable" : 1,
            "quickSearch" : 1,
            "filterable" : 0,
            "ext" : "https://agit.ai/l/o/raw/branch/o/o/%E5%85%AD%E5%BA%A6%E5%BD%B1%E8%A7%86.json"
        },
            {
            "key" : "csp_biubiu_影视工厂",
            "name" : "🎬影视工厂",
            "type" : 3,
            "api" : "csp_XBiubiu",
            "searchable" : 1,
            "quickSearch" : 1,
            "filterable" : 1,
            "ext" : "https://agit.ai/l/o/raw/branch/o/o/%E5%BD%B1%E8%A7%86%E5%B7%A5%E5%8E%82.json"
        },
           
            {
            "key" : "csp_biubiu_cupfox",
            "name" : "🦊茶杯狐",
            "type" : 3,
            "api" : "csp_XBiubiu",
            "searchable" : 1,
            "quickSearch" : 1,
            "filterable" : 1,
            "ext" : "https://agit.ai/l/o/raw/branch/o/o/%E8%8C%B6%E6%9D%AF%E7%8B%90.json"
        },
            {
            "key" : "csp_biubiu_dadagui",
            "name" : "🐢达达龟",
            "type" : 3,
            "api" : "csp_XPathFilter",
            "searchable" : 1,
            "quickSearch" : 1,
            "filterable" : 1,
            "ext" : "https://agit.ai/l/o/raw/branch/o/o/%E8%BE%BE%E8%BE%BE%E9%BE%9F.json"
        },
            {
            "key" : "csp_XBiubiu_饭团HD",
            "name" : "🍙饭团HD",
            "type" : 3,
            "api" : "csp_XBiubiu",
            "searchable" : 1,
            "quickSearch" : 1,
            "filterable" : 1,
            "ext" : "https://agit.ai/l/o/raw/branch/o/o/%E9%A5%AD%E5%9B%A2HD.json"
        },
            {
            "key" : "csp_biubiu_voflix",
            "name" : "🌀voflix",
            "type" : 3,
            "api" : "csp_XBiubiu",
            "searchable" : 1,
            "quickSearch" : 1,
            "filterable" : 1,
            "ext" : "https://agit.ai/l/o/raw/branch/o/o/voflix.json"
        },
            {
            "key" : "csp_XBiubiu_TVB云播",
            "name" : "🌤TVB云播",
            "type" : 3,
            "api" : "csp_XBiubiu",
            "searchable" : 1,
            "quickSearch" : 1,
            "filterable" : 0,
            "ext" : "https://agit.ai/l/o/raw/branch/o/o/tvb%E4%BA%91%E6%92%AD.json"
        },
            {
            "key" : "LIBVIO",
            "name" : "🍲LIBVIO",
            "type" : 3,
            "api" : "csp_XBiubiu",
            "searchable" : 1,
            "quickSearch" : 1,
            "filterable" : 0,
            "ext" : "https://agit.ai/l/o/raw/branch/o/o/LIBVIO.json"
        },
            {
            "key" : "COKEMV",
            "name" : "🥮COKEMV",
            "type" : 3,
            "api" : "csp_XBiubiu",
            "searchable" : 1,
            "quickSearch" : 1,
            "filterable" : 0,
            "ext" : "https://agit.ai/l/o/raw/branch/o/o/COKEMV.json"
        },
            {
            "key" : "Auete影视",
            "name" : "🍬Auete影视",
            "type" : 3,
            "api" : "csp_XBiubiu",
            "searchable" : 1,
            "quickSearch" : 1,
            "filterable" : 0,
            "ext" : "https://agit.ai/l/o/raw/branch/o/o/Auete%E5%BD%B1%E8%A7%86.json"
        },
         
            {
            "key" : "云播看看",
            "name" : "🌨云播看看",
            "type" : 3,
            "api" : "csp_XPath",
            "searchable" : 1,
            "quickSearch" : 1,
            "filterable" : 0,
            "ext" : "https://agit.ai/l/o/raw/branch/o/o/%E4%BA%91%E6%92%AD%E7%9C%8B%E7%9C%8B.json"
        },
            {
            "key" : "干饭影视",
            "name" : "🍚干饭影视",
            "type" : 3,
            "api" : "csp_XBiubiu",
            "searchable" : 1,
            "quickSearch" : 1,
            "filterable" : 1,
            "ext" : "https://agit.ai/l/o/raw/branch/o/o/%E5%B9%B2%E9%A5%AD%E5%BD%B1%E8%A7%86.json"
        },
            {
            "key" : "口袋影院",
            "name" : "👝口袋影院",
            "type" : 3,
            "api" : "csp_XBiubiu",
            "searchable" : 1,
            "quickSearch" : 1,
            "filterable" : 0,
            "ext" : "https://agit.ai/l/o/raw/branch/o/o/%E5%8F%A3%E8%A2%8B%E5%BD%B1%E9%99%A2.json"
        },
            {
            "key" : "比特影视",
            "name" : "💰比特影视",
            "type" : 3,
            "api" : "csp_XPath",
            "searchable" : 0,
            "quickSearch" : 0,
            "filterable" : 0,
            "ext" : "https://agit.ai/l/o/raw/branch/o/o/%E6%AF%94%E7%89%B9%E5%BD%B1%E8%A7%86.json"
        },
       
            {
            "key" : "花猫影视",
            "name" : "🐱花猫影视",
            "type" : 3,
            "api" : "csp_XBiubiu",
            "searchable" : 1,
            "quickSearch" : 1,
            "filterable" : 0,
            "ext" : "https://agit.ai/l/o/raw/branch/o/o/%E8%8A%B1%E7%8C%AB%E5%BD%B1%E8%A7%86.json"
        },
            {
            "key" : "利奥影院",
            "name" : "🍪利奥影院",
            "type" : 3,
            "api" : "csp_XPathMacFilter",
            "searchable" : 1,
            "quickSearch" : 1,
            "filterable" : 1,
            "ext" : "https://agit.ai/l/o/raw/branch/o/o/%E5%88%A9%E5%A5%A5%E5%BD%B1%E9%99%A2.json"
        },
           
            {
            "key" : "人人影视",
            "name" : "👫人人影视",
            "type" : 3,
            "api" : "csp_XBiubiu",
            "searchable" : 1,
            "quickSearch" : 1,
            "filterable" : 0,
            "ext" : "https://agit.ai/l/o/raw/branch/o/o/%E4%BA%BA%E4%BA%BA%E5%BD%B1%E8%A7%86.json"
        },
            {
            "key" : "三九影视",
            "name" : "🐐三九影视",
            "type" : 3,
            "api" : "csp_XBiubiu",
            "searchable" : 1,
            "quickSearch" : 1,
            "filterable" : 0,
            "ext" : "https://agit.ai/l/o/raw/branch/o/o/%E4%B8%89%E4%B9%9D%E5%BD%B1%E8%A7%86.json"
        },
            {
            "key" : "csp_XBiubiu_金眼影视",
            "name" : "🌟金眼影视",
            "type" : 3,
            "api" : "csp_XBiubiu",
            "searchable" : 1,
            "quickSearch" : 1,
            "filterable" : 0,
            "ext" : "https://agit.ai/l/o/raw/branch/o/o/%E9%87%91%E7%9C%BC%E5%BD%B1%E8%A7%86.json"
        },
            {
            "key" : "csp_XBiubiu_Nike影视",
            "name" : "🌹Nike影视",
            "type" : 3,
            "api" : "csp_XBiubiu",
            "searchable" : 1,
            "quickSearch" : 1,
            "filterable" : 0,
            "ext" : "https://agit.ai/l/o/raw/branch/o/o/Nike%E5%BD%B1%E8%A7%86.json"
        },
            {
            "key" : "csp_XBiubiu_0855",
            "name" : "🧳0855影视",
            "type" : 3,
            "api" : "csp_XBiubiu",
            "searchable" : 1,
            "quickSearch" : 1,
            "filterable" : 0,
            "ext" : "https://agit.ai/l/o/raw/branch/o/o/0855%E5%BD%B1%E8%A7%86.json"
        },
            {
            "key" : "去看动漫",
            "name" : "🎊去看动漫",
            "type" : 3,
            "api" : "csp_XBiubiu",
            "searchable" : 1,
            "quickSearch" : 1,
            "filterable" : 0,
            "ext" : "https://agit.ai/l/o/raw/branch/o/o/%E5%8E%BB%E7%9C%8B%E5%8A%A8%E6%BC%AB.json"
        },
            {
            "key" : "动漫直链",
            "name" : "🎭动漫直链",
            "type" : 3,
            "api" : "csp_XPath",
            "searchable" : 1,
            "quickSearch" : 1,
            "filterable" : 0,
            "ext" : "https://agit.ai/l/o/raw/branch/o/o/%E5%8A%A8%E6%BC%AB%E7%9B%B4%E9%93%BE.json"
        },
            {
            "key" : "csp_biubiu_风车动漫",
            "name" : "🍭风车动漫",
            "type" : 3,
            "api" : "csp_XBiubiu",
            "searchable" : 1,
            "quickSearch" : 1,
            "filterable" : 0,
            "ext" : "https://agit.ai/l/o/raw/branch/o/o/%E9%A3%8E%E8%BD%A6%E5%8A%A8%E6%BC%AB.json"
        },
            {
            "key" : "csp_xpath___动漫巴士",
            "name" : "🤖动漫巴士",
            "type" : 3,
            "api" : "csp_XPath",
            "searchable" : 1,
            "quickSearch" : 1,
            "filterable" : 0,
            "ext" : "https://agit.ai/l/o/raw/branch/o/o/%E5%8A%A8%E6%BC%AB%E5%B7%B4%E5%A3%AB.json"
        },
         
            {
            "key" : "天堂资源",
            "name" : "📌天堂资源(官)",
            "type" : 1,
            "api" : "http://vipmv.cc/api.php/provide/vod/",
            "searchable" : 1,
            "quickSearch" : 1
        },
       
            {
            "key" : "玖卿乐播",
            "name" : "🧯玖卿乐播(优)",
            "type" : 3,
            "api" : "csp_AppYs",
            "searchable" : 0,
            "quickSearch" : 0,
            "filterable" : 0,
            "ext" : "https://vod.nqcode.cn/api.php/v1.vod"
        },
         
            {
            "key" : "csp_xml_酷点资源",
            "name" : "🐝酷点资源",
            "type" : 1,
            "api" : "https://api.kuapi.cc/api.php/provide/vod/",
            "playUrl" : "",
            "searchable" : 1,
            "quickSearch" : 1
        },
          
            {
            "key" : "影图影视",
            "name" : "🥪影图影视(聚)",
            "type" : 1,
            "api" : "https://cj.vodimg.top/api.php/provide/vod/",
            "searchable" : 0,
            "quickSearch" : 0
        },
           
            {
            "key" : "海玉影视",
            "name" : "🍬海玉影视(聚)",
            "type" : 1,
            "api" : "http://tv2.hykjtv.cn/api.php/provide/vod/",
            "searchable" : 0,
            "quickSearch" : 0
        },
       
            {
            "key" : "csp_app_小鸟动漫",
            "name" : "🕊️小鸟动漫",
            "type" : 3,
            "api" : "csp_AppYsV2",
            "searchable" : 1,
            "quickSearch" : 1,
            "filterable" : 1,
            "ext" : "http://xydm.baicai.buzz/mogai_api.php/v1.vod"
        },
            {
            "key" : "csp_appysv2_M2_暖光影视",
            "name" : "🕯️暖光影视",
            "type" : 3,
            "api" : "csp_AppYsV2",
            "searchable" : 1,
            "quickSearch" : 1,
            "filterable" : 1,
            "ext" : "https://app.bl210.com/api.php/v1.vod"
        },
          
            {
            "key" : "csp_appysv2_淘剧社〔APP〕",
            "name" : "🐝淘剧社",
            "type" : 3,
            "api" : "csp_AppYsV2",
            "searchable" : 1,
            "quickSearch" : 1,
            "filterable" : 1,
            "ext" : "https://app.shuhai99.com/api.php/v1.vod"
        },
          
            {
            "key" : "csp_XYQBiu_短视频",
            "name" : "分享短视频(YXQ)",
            "type" : 3,
            "api" : "csp_XYQBiu",
            "searchable" : 1,
            "quickSearch" : 1,
            "filterable" : 0,
            "jar" : "",
            "ext" : "https://agit.ai/o/o/raw/branch/o/o/%e5%88%86%e4%ba%ab%e7%9f%ad%e8%a7%86%e9%a2%91.json"
        },
        
            {
            "key" : "py_cctv",
            "name" : "🌏央视频道 py",
            "type" : 3,
            "api" : "py_cctv",
            "searchable" : 0,
            "quickSearch" : 0,
            "filterable" : 1,
            "ext" : "https://agit.ai/l/o/raw/branch/o/o/py_cctv.py"
        },
            {
            "key" : "py_bilibili",
            "name" : "🅱哔哩哔哩 py",
            "type" : 3,
            "api" : "py_bilibili",
            "searchable" : 0,
            "quickSearch" : 0,
            "filterable" : 1,
            "ext" : "https://agit.ai/l/o/raw/branch/o/o/py_bilibili.py"
        },
            {
            "key" : "py_bilimd",
            "name" : "🅱哔哩影视 py",
            "type" : 3,
            "api" : "py_bilimd",
            "searchable" : 1,
            "quickSearch" : 1,
            "filterable" : 1,
            "ext" : "https://agit.ai/l/o/raw/branch/o/o/py_bilimd.py"
        },
            {
            "key" : "py_huya",
            "name" : "🐯虎牙直播 py",
            "type" : 3,
            "api" : "py_huya",
            "searchable" : 0,
            "quickSearch" : 0,
            "filterable" : 1,
            "ext" : "https://agit.ai/l/o/raw/branch/o/o/py_huya.py"
        },
            {
            "key" : "py_douyu",
            "name" : "🦈斗鱼直播 py",
            "type" : 3,
            "api" : "py_douyu",
            "searchable" : 0,
            "quickSearch" : 0,
            "filterable" : 1,
            "ext" : "https://agit.ai/l/o/raw/branch/o/o/py_douyu.py"
        },
      
            {
            "key" : "py_lezhu",
            "name" : "🐷乐猪影视 py",
            "type" : 3,
            "api" : "py_lezhu",
            "searchable" : 1,
            "quickSearch" : 1,
            "filterable" : 1,
            "ext" : "https://agit.ai/l/o/raw/branch/o/o/py_lezhu.py"
        },
        
            {
            "key" : "py_czspp",
            "name" : "🏭厂长资源 py",
            "type" : 3,
            "api" : "py_czspp",
            "searchable" : 1,
            "quickSearch" : 1,
            "filterable" : 1,
            "ext" : "https://agit.ai/l/o/raw/branch/o/o/py_czspp.py"
        },
          
            {
            "key" : "py_gimytv",
            "name" : "💽剧迷影视 py",
            "type" : 3,
            "api" : "py_gimytv",
            "searchable" : 1,
            "quickSearch" : 1,
            "filterable" : 1,
            "ext" : "https://agit.ai/l/o/raw/branch/o/o/py_gimytv.py"
        },
        
            {
            "key" : "py_cup",
            "name" : "🦊茶杯狐 py",
            "type" : 3,
            "api" : "py_cup",
            "searchable" : 1,
            "quickSearch" : 1,
            "filterable" : 1,
            "ext" : "https://agit.ai/l/o/raw/branch/o/o/py_cup.py"
        },
            {
            "key" : "py_voflix",
            "name" : "🌀Voflix py",
            "type" : 3,
            "api" : "py_voflix",
            "searchable" : 1,
            "quickSearch" : 1,
            "filterable" : 1,
            "ext" : "https://agit.ai/l/o/raw/branch/o/o/py_voflix.py"
        },
         
            {
            "key" : "py_cctvzh",
            "name" : "📺央视综合 py",
            "type" : 3,
            "api" : "py_cctv",
            "searchable" : 0,
            "quickSearch" : 0,
            "filterable" : 1,
            "ext" : "https://agit.ai/l/o/raw/branch/o/o/py_cctvzh.py"
        },
            {
            "key" : "py_cctvxw",
            "name" : "📺央视新闻 py",
            "type" : 3,
            "api" : "py_cctv",
            "searchable" : 0,
            "quickSearch" : 0,
            "filterable" : 1,
            "ext" : "https://agit.ai/l/o/raw/branch/o/o/py_cctvxw.py"
        },
            {
            "key" : "py_cctvzy",
            "name" : "📺央视综艺 py",
            "type" : 3,
            "api" : "py_cctv",
            "searchable" : 0,
            "quickSearch" : 0,
            "filterable" : 1,
            "ext" : "https://agit.ai/l/o/raw/branch/o/o/py_cctvzy.py"
        },
            {
            "key" : "py_cctvdy",
            "name" : "📺央视电影 py",
            "type" : 3,
            "api" : "py_cctv",
            "searchable" : 0,
            "quickSearch" : 0,
            "filterable" : 1,
            "ext" : "https://agit.ai/l/o/raw/branch/o/o/py_cctvdy.py"
        },
            {
            "key" : "py_cctvty",
            "name" : "📺央视体育 py",
            "type" : 3,
            "api" : "py_cctv",
            "searchable" : 0,
            "quickSearch" : 0,
            "filterable" : 1,
            "ext" : "https://agit.ai/l/o/raw/branch/o/o/py_cctvty.py"
        },
            {
            "key" : "py_cctvfz",
            "name" : "📺央视法治 py",
            "type" : 3,
            "api" : "py_cctv",
            "searchable" : 0,
            "quickSearch" : 0,
            "filterable" : 1,
            "ext" : "https://agit.ai/l/o/raw/branch/o/o/py_cctv.py"
        },
            {
            "key" : "py_cctvkj",
            "name" : "📺央视科教 py",
            "type" : 3,
            "api" : "py_cctv",
            "searchable" : 0,
            "quickSearch" : 0,
            "filterable" : 1,
            "ext" : "https://agit.ai/l/o/raw/branch/o/o/py_cctvkj.py"
        },
            {
            "key" : "py_cctvyy",
            "name" : "📺央视音乐 py",
            "type" : 3,
            "api" : "py_cctv",
            "searchable" : 0,
            "quickSearch" : 0,
            "filterable" : 1,
            "ext" : "https://agit.ai/l/o/raw/branch/o/o/py_cctvyy.py"
        },
            {
            "key" : "py_cctvse",
            "name" : "📺央视少儿 py",
            "type" : 3,
            "api" : "py_cctv",
            "searchable" : 0,
            "quickSearch" : 0,
            "filterable" : 1,
            "ext" : "https://agit.ai/l/o/raw/branch/o/o/py_cctvse.py"
        },
            {
            "key" : "py_cctvny",
            "name" : "📺央视农业 py",
            "type" : 3,
            "api" : "py_cctv",
            "searchable" : 0,
            "quickSearch" : 0,
            "filterable" : 1,
            "ext" : "https://agit.ai/l/o/raw/branch/o/o/py_cctvny.py"
        },
            {
            "key" : "py_cctvjs",
            "name" : "📺央视军事 py",
            "type" : 3,
            "api" : "py_cctv",
            "searchable" : 0,
            "quickSearch" : 0,
            "filterable" : 1,
            "ext" : "https://agit.ai/l/o/raw/branch/o/o/py_cctvjs.py"
        },
            {
            "key" : "py_cctvxq",
            "name" : "📺央视戏曲 py",
            "type" : 3,
            "api" : "py_cctv",
            "searchable" : 0,
            "quickSearch" : 0,
            "filterable" : 1,
            "ext" : "https://agit.ai/l/o/raw/branch/o/o/py_cctvxq.py"
        }],
    "parses" : [
            {
            "name" : "解析聚合",
            "type" : 3,
            "url" : "Demo"
        },
            {
            "name" : "Json并发",
            "type" : 2,
            "url" : "Parallel"
        },
            {
            "name" : "Json轮询",
            "type" : 2,
            "url" : "Sequence"
        },
        
        {"name": "Q1解析","type": 1,"url": "https://parse.ikunfk.cc/parse/sign/74e860ee6889f03cae108d6c228aa725?url=","header": {"User-Agent": "Mozilla/5.0"}},
{"name": "Q1官解","type": 1,"url": "https://parse.ikunfk.cc/parse/sign/20230117?url=","header": {"User-Agent": "Mozilla/5.0"}},
{"name": "星辰云解析","type": 1,"url": "https://json.xn--9kq078cdn3a.cc/api/?key=22ea7ae4746073f5ea13e9079c024c7d&url=","header": {"User-Agent": "Mozilla/5.0"}},
{"name": "刚刚走过","type": 1,"url": "http://jx.fuqizhishi.com:63/API.php?appkey=feimao&url=","header": {"User-Agent": "Mozilla/5.0"}},
{"name": "云星解析","type": 1,"url": "https://chaloli.cn/api/?key=454af70ae4c2f8369527a16413ed27ba&url=","header": {"User-Agent": "Mozilla/5.0"}},
{"name": "风起兖州","type": 0,"url": "http://jx.gbxy.net.cn/?url="},
            {
            "name" : "GGTV自用",
            "type" : 1,
            "url" : "https://play.fuqizhishi.com/jx/API.php?appkey\u003dxiaobai666\u0026url\u003d"
        },
            {
            "name" : "解析1",
            "type" : 1,
            "url" : "http://newjiexi.gotka.top/keyu3.php?url=",
            "ext" : {
                "flag" : [
                    "qq",
                    "腾讯",
                    "qiyi",
                    "爱奇艺",
                    "奇艺",
                    "youku",
                    "优酷",
                    "mgtv",
                    "芒果",
                    "letv",
                    "乐视",
                    "pptv",
                    "PPTV",
                    "sohu",
                    "bilibili",
                    "哔哩哔哩",
                    "哔哩"],
                "header" : {
                    "User-Agent" : "okhttp/4.1.0"
                }
            }
        },
            {
            "name" : "解析2",
            "type" : 1,
            "url" : "http://newjiexi.gotka.top/keyu3.php?url=",
            "ext" : {
                "flag" : [
                    "qq",
                    "腾讯",
                    "qiyi",
                    "爱奇艺",
                    "奇艺",
                    "youku",
                    "优酷",
                    "mgtv",
                    "芒果",
                    "letv",
                    "乐视",
                    "pptv",
                    "PPTV",
                    "sohu",
                    "bilibili",
                    "哔哩哔哩",
                    "哔哩"],
                "header" : {
                    "User-Agent" : "okhttp/4.1.0"
                }
            }
        },
            {
            "name" : "解析3",
            "type" : 0,
            "url" : "https://h5.freejson.xyz/player/?url=",
            "ext" : {
                "flag" : [
                    "qq",
                    "腾讯",
                    "qiyi",
                    "爱奇艺",
                    "奇艺",
                    "youku",
                    "优酷",
                    "mgtv",
                    "芒果",
                    "letv",
                    "乐视",
                    "pptv",
                    "PPTV",
                    "sohu",
                    "bilibili",
                    "哔哩哔哩",
                    "哔哩"],
                "header" : {
                    "User-Agent" : "okhttp/4.1.0"
                }
            }
        },
            {
            "name" : "解析4",
            "type" : 1,
            "url" : "https://play.fuqizhishi.com/juhe/API.php?appkey=caijijuhe220902&url="
        },
            {
            "name" : "解析5",
            "type" : 1,
            "url" : "https://play.fuqizhishi.com/jx/API.php?appkey=xiaobaiiiii&url="
        },
            {
            "name" : "解析6",
            "type" : 1,
            "url" : "https://v.2080kk.com/home/api?type=ys&uid=1308653&key=behnpstwxBCHJMQ029&url="
        },
            {
            "name" : "解析7",
            "type" : 0,
            "url" : "https://www.ckplayer.vip/jiexi/?url="
        },
            {
            "name" : "解析8",
            "type" : 0,
            "url" : "https://www.nxflv.com/?url="
        },
            {
            "name" : "解析9",
            "type" : 0,
            "url" : "https://svip.bljiex.cc/?v="
        },
            {
            "name" : "解析10",
            "type" : 0,
            "url" : "http://www.ckmov.vip/api.php?url="
        },
            {
            "name" : "解析11",
            "type" : 0,
            "url" : "https://jx.4kdv.com/?url="
        },
            {
            "name" : "解析12",
            "type" : 0,
            "url" : "https://jx.m3u8.tv/jiexi/?url="
        },
            {
            "name" : "解析13",
            "type" : 0,
            "url" : "https://www.playm3u8.cn/jiexi.php?url="
        },
            {
            "name" : "解析14",
            "type" : 0,
            "url" : "https://okjx.cc/?url="
        },
            {
            "name" : "解析15",
            "type" : 0,
            "url" : "https://www.8090g.cn/?url="
        },
            {
            "name" : "解析16",
            "type" : 0,
            "url" : "https://play.fuqizhishi.com/jx/API.php?appkey=xiaobai888&url="
        },
            {
            "name" : "解析17",
            "type" : 0,
            "url" : "https://jx.xmflv.com/?url="
        },
            {
            "name" : "解析18",
            "type" : 0,
            "url" : "https://jx.bozrc.com:4433/player/?url="
        },
            {
            "name" : "解析19",
            "type" : 0,
            "url" : "https://www.yemu.xyz/?url="
        },
            {
            "name" : "解析20",
            "type" : 0,
            "url" : "https://parse.123mingren.com/?url="
        },
            {
            "name" : "解析21",
            "type" : 0,
            "url" : "http://api.wpsseo.cn/?v="
        },
            {
            "name" : "解析22",
            "type" : 0,
            "url" : "https://go.yh0523.cn/y.cy?url="
        },
            {
            "name" : "解析23",
            "type" : 0,
            "url" : "https://www.pangujiexi.cc/jiexi.php?url="
        },
            {
            "name" : "解析24",
            "type" : 0,
            "url" : "https://jx.iztyy.com/svip/?url="
        }],
    "flags" : [
        "youku",
        "qq",
        "iqiyi",
        "qiyi",
        "letv",
        "sohu",
        "tudou",
        "pptv",
        "mgtv",
        "wasu",
        "bilibili",
        "renrenmi"],
    "ijk" : [
            {
            "group" : "软解码",
            "options" : [
                    {
                    "category" : 4,
                    "name" : "opensles",
                    "value" : "0"
                },
                    {
                    "category" : 4,
                    "name" : "overlay-format",
                    "value" : "842225234"
                },
                    {
                    "category" : 4,
                    "name" : "framedrop",
                    "value" : "1"
                },
                    {
                    "category" : 4,
                    "name" : "soundtouch",
                    "value" : "1"
                },
                    {
                    "category" : 4,
                    "name" : "start-on-prepared",
                    "value" : "1"
                },
                    {
                    "category" : 1,
                    "name" : "http-detect-range-support",
                    "value" : "0"
                },
                    {
                    "category" : 1,
                    "name" : "fflags",
                    "value" : "fastseek"
                },
                    {
                    "category" : 2,
                    "name" : "skip_loop_filter",
                    "value" : "48"
                },
                    {
                    "category" : 4,
                    "name" : "reconnect",
                    "value" : "1"
                },
                    {
                    "category" : 4,
                    "name" : "enable-accurate-seek",
                    "value" : "0"
                },
                    {
                    "category" : 4,
                    "name" : "mediacodec",
                    "value" : "0"
                },
                    {
                    "category" : 4,
                    "name" : "mediacodec-auto-rotate",
                    "value" : "0"
                },
                    {
                    "category" : 4,
                    "name" : "mediacodec-handle-resolution-change",
                    "value" : "0"
                },
                    {
                    "category" : 4,
                    "name" : "mediacodec-hevc",
                    "value" : "0"
                },
                    {
                    "category" : 1,
                    "name" : "dns_cache_timeout",
                    "value" : "600000000"
                }]
        },
            {
            "group" : "硬解码",
            "options" : [
                    {
                    "category" : 4,
                    "name" : "opensles",
                    "value" : "0"
                },
                    {
                    "category" : 4,
                    "name" : "overlay-format",
                    "value" : "842225234"
                },
                    {
                    "category" : 4,
                    "name" : "framedrop",
                    "value" : "1"
                },
                    {
                    "category" : 4,
                    "name" : "soundtouch",
                    "value" : "1"
                },
                    {
                    "category" : 4,
                    "name" : "start-on-prepared",
                    "value" : "1"
                },
                    {
                    "category" : 1,
                    "name" : "http-detect-range-support",
                    "value" : "0"
                },
                    {
                    "category" : 1,
                    "name" : "fflags",
                    "value" : "fastseek"
                },
                    {
                    "category" : 2,
                    "name" : "skip_loop_filter",
                    "value" : "48"
                },
                    {
                    "category" : 4,
                    "name" : "reconnect",
                    "value" : "1"
                },
                    {
                    "category" : 4,
                    "name" : "enable-accurate-seek",
                    "value" : "0"
                },
                    {
                    "category" : 4,
                    "name" : "mediacodec",
                    "value" : "1"
                },
                    {
                    "category" : 4,
                    "name" : "mediacodec-auto-rotate",
                    "value" : "1"
                },
                    {
                    "category" : 4,
                    "name" : "mediacodec-handle-resolution-change",
                    "value" : "1"
                },
                    {
                    "category" : 4,
                    "name" : "mediacodec-hevc",
                    "value" : "1"
                },
                    {
                    "category" : 1,
                    "name" : "dns_cache_timeout",
                    "value" : "600000000"
                }]
        }],
    "ads" : [
        "mimg.0c1q0l.cn",
        "www.googletagmanager.com",
        "www.google-analytics.com",
        "mc.usihnbcq.cn",
        "mg.g1mm3d.cn",
        "mscs.svaeuzh.cn",
        "cnzz.hhttm.top",
        "tp.vinuxhome.com",
        "cnzz.mmstat.com",
        "www.baihuillq.com",
        "s23.cnzz.com",
        "z3.cnzz.com",
        "c.cnzz.com",
        "stj.v1vo.top",
        "z12.cnzz.com",
        "img.mosflower.cn",
        "tips.gamevvip.com",
        "ehwe.yhdtns.com",
        "xdn.cqqc3.com",
        "www.jixunkyy.cn",
        "sp.chemacid.cn",
        "hm.baidu.com",
        "s9.cnzz.com",
        "z6.cnzz.com",
        "um.cavuc.com",
        "mav.mavuz.com",
        "wofwk.aoidf3.com",
        "z5.cnzz.com",
        "xc.hubeijieshikj.cn",
        "tj.tianwenhu.com",
        "xg.gars57.cn",
        "k.jinxiuzhilv.com",
        "cdn.bootcss.com",
        "ppl.xunzhuo123.com",
        "xomk.jiangjunmh.top",
        "img.xunzhuo123.com",
        "z1.cnzz.com",
        "s13.cnzz.com",
        "xg.huataisangao.cn",
        "z7.cnzz.com",
        "xg.huataisangao.cn",
        "z2.cnzz.com",
        "s96.cnzz.com",
        "q11.cnzz.com",
        "thy.dacedsfa.cn",
        "xg.whsbpw.cn",
        "s19.cnzz.com",
        "z8.cnzz.com",
        "s4.cnzz.com",
        "f5w.as12df.top",
        "ae01.alicdn.com",
        "www.92424.cn",
        "k.wudejia.com",
        "vivovip.mmszxc.top",
        "qiu.xixiqiu.com",
        "cdnjs.hnfenxun.com",
        "cms.qdwght.com"]
}