{
"spider":"clan://TVBox/jar/fm.jar",
 "sites":[
{"key":"drpy_js_豆瓣","name":"🌎影视推荐(首页)","type":3,"api":"clan://TVBox/JS/lib/drpy.min.js","ext":"clan://TVBox/JS/js/drpy.js"},
{"key": "Kunyu77","name": "酷云七七","type": 3,"api": "csp_Kunyu77","searchable": 1,"quickSearch": 1,"filterable": 1,"jar":"clan://TVBox/jar/xzy1029.jar"},
{"key":"csp_GitCafe1","name":"纸条1 | 搜索","type":3,"api":"csp_Gitcafe","searchable": 1,"quickSearch": 1,"filterable": 0,"changeable": 0,"ext": "clan://TVBox/jar/alitoken.txt","jar":"clan://TVBox/Hk/Hk.jar"},
{"key": "纸条","name": "纸条2 | 搜索","type": 3,"api": "csp_Paper","ext": "clan://TVBox/jar/alitoken.txt"},
{"key": "易搜","name": "易搜┃搜索","type": 3,"api": "csp_YiSo","ext": "clan://TVBox/jar/alitoken.txt"},
{"key": "盘搜","name": "盘搜 | 搜索","type": 3,"api": "csp_PanSou","ext": "clan://TVBox/jar/alitoken.txt"},
{"key": "UP云搜","name": "Up云搜┃搜索","type": 3,"api": "csp_UpYun","ext": "clan://TVBox/jar/alitoken.txt"},
{"key": "找资源","name": "找资源 | 搜索","type": 3,"api": "csp_Zhaozy","ext": "clan://TVBox/jar/alitoken.txt$$$yingshi$$$abcd1234","jar":"clan://TVBox/Hk/Hk.jar"},
{"key": "push_agent","name": "推送(阿里推送/磁力推送)","type": 3,"api": "csp_Push","ext": "clan://TVBox/jar/alitoken.txt"}

],
//"lives":[{"group":"redirect","channels":[{"name":"live","urls":["proxy://do=live&type=txt&ext=http://111.67.196.181/mtv/zhibo.txt"]}]}],
"lives":[{"group":"redirect","channels":[{"name":"redirect","urls":["proxy://do=live&type=txt&ext=Y2xhbjovL1RWQm94L3R2L2xpdmUudHh0"]}]}],

"parses": [

{"name": "Json轮询01","type": 2,"url": "Sequence"}, 
{"name": "解析聚合02","type": 3,"url": "Demo"}, 
{"name": "Json并发03","type": 2,"url": "Parallel"}, 
{"name" : "Web聚合04", "type" : 3, "url" : "Web"},
{"name":"自动解析","type":1,"url":"https://api.json.icu/api/?key=51f783bd85464b099f7ceac7ffb36020&url="},
{"name":"手动解析","type":1,"url":"http://jiexi.xdv.icu/api/?key=sNZAzz6ewmDReFKxnw&url="},


{"name": "home","type": 1,"url": "https://api.m3u8.tv:5678/home/api?type=ys&uid=233711&key=dgilouvFKNRSWX2467&url="},
{"name": "星辰云解析","type": 1,"url": "http://xn--wnup5g.xn--z7x900a.love:63/Art1/analysis.php?v=","ext": {"flag": [ "360","qq","腾讯", "企鹅", "IQiYi","qiyi","爱奇艺","奇艺", "youku","YouKu","优酷","sohu","SoHu","搜狐","letv","LeShi","乐视","imgo","mgtv","MangGuo", "芒果", "SLYS4k","BYGA","luanzi", "AliS", "dxzy","bilibili","QEYSS","xigua","西瓜视频", "腾讯视频","奇艺视频","优酷视频", "芒果视频", "乐视视频"]}},
{"name": "肥猫官解","type": 1,"url": "http://xn--wnup5g.xn--z7x900a.love:63/Art1/analysis.php?v=","ext": {"flag": [ "360","qq","腾讯", "企鹅", "IQiYi","qiyi","爱奇艺","奇艺", "youku","YouKu","优酷","sohu","SoHu","搜狐","letv","LeShi","乐视","imgo","mgtv","MangGuo", "芒果", "SLYS4k","BYGA","luanzi", "AliS", "dxzy","bilibili","QEYSS","xigua","西瓜视频", "腾讯视频","奇艺视频","优酷视频", "芒果视频", "乐视视频"]}},
{"name": "云you解析","type": 1,"url": "https://chaloli.cn/api/?key=2ef91c1834765dd6df0701dc69395f88&url="},
{"name": "巧技解析","type": 1,"url": "http://jx.pandown.pro/home/api?type=ys&uid=2691632&key=bchmpqsDJMSTWX0568&url=","ext": {"flag": ["360","qq","腾讯","qiyi","爱奇艺","奇艺","youku","优酷","sohu","搜狐","letv","乐视","mgtv","芒果","rx","ltnb","bilibili","1905","xigua"]}}
],

"ijk": [{
		"group": "软解码",
		"options": [{
			"category": 4,
			"name": "opensles",
			"value": "0"
		}, {
			"category": 4,
			"name": "overlay-format",
			"value": "842225234"
		}, {
			"category": 4,
			"name": "framedrop",
			"value": "1"
		}, {
			"category": 4,
			"name": "soundtouch",
			"value": "1"
		}, {
			"category": 4,
			"name": "start-on-prepared",
			"value": "1"
		}, {
			"category": 1,
			"name": "http-detect-range-support",
			"value": "0"
		}, {
			"category": 1,
			"name": "fflags",
			"value": "fastseek"
		}, {
			"category": 2,
			"name": "skip_loop_filter",
			"value": "48"
		}, {
			"category": 4,
			"name": "reconnect",
			"value": "1"
		}, {
			"category": 4,
			"name": "enable-accurate-seek",
			"value": "0"
		}, {
			"category": 4,
			"name": "mediacodec",
			"value": "0"
		}, {
			"category": 4,
			"name": "mediacodec-auto-rotate",
			"value": "0"
		}, {
			"category": 4,
			"name": "mediacodec-handle-resolution-change",
			"value": "0"
		}, {
			"category": 4,
			"name": "mediacodec-hevc",
			"value": "0"
		}, {
			"category": 1,
			"name": "dns_cache_timeout",
			"value": "600000000"
		}]
	}, {
		"group": "硬解码",
		"options": [{
			"category": 4,
			"name": "opensles",
			"value": "0"
		}, {
			"category": 4,
			"name": "overlay-format",
			"value": "842225234"
		}, {
			"category": 4,
			"name": "framedrop",
			"value": "1"
		}, {
			"category": 4,
			"name": "soundtouch",
			"value": "1"
		}, {
			"category": 4,
			"name": "start-on-prepared",
			"value": "1"
		}, {
			"category": 1,
			"name": "http-detect-range-support",
			"value": "0"
		}, {
			"category": 1,
			"name": "fflags",
			"value": "fastseek"
		}, {
			"category": 2,
			"name": "skip_loop_filter",
			"value": "48"
		}, {
			"category": 4,
			"name": "reconnect",
			"value": "1"
		}, {
			"category": 4,
			"name": "enable-accurate-seek",
			"value": "0"
		}, {
			"category": 4,
			"name": "mediacodec",
			"value": "1"
		}, {
			"category": 4,
			"name": "mediacodec-auto-rotate",
			"value": "1"
		}, {
			"category": 4,
			"name": "mediacodec-handle-resolution-change",
			"value": "1"
		}, {
			"category": 4,
			"name": "mediacodec-hevc",
			"value": "1"
		}, {
			"category": 1,
			"name": "dns_cache_timeout",
			"value": "600000000"
		}]
	}],

"wallpaper":"http://刚刚.live/图",
"ads":["https://lf1-cdn-tos.bytegoofy.com/obj/tos-cn-i-dy/455ccf9e8ae744378118e4bd289288dd","iqiyi.hbuioo.com","vip.ffzyad.com","mimg.0c1q0l.cn","www.googletagmanager.com","www.google-analytics.com","mc.usihnbcq.cn","mg.g1mm3d.cn","mscs.svaeuzh.cn","cnzz.hhttm.top","tp.vinuxhome.com","cnzz.mmstat.com","www.baihuillq.com","s23.cnzz.com","z3.cnzz.com","c.cnzz.com","stj.v1vo.top","z12.cnzz.com","img.mosflower.cn","tips.gamevvip.com","ehwe.yhdtns.com","xdn.cqqc3.com","www.jixunkyy.cn","sp.chemacid.cn","hm.baidu.com","s9.cnzz.com","z6.cnzz.com","um.cavuc.com","mav.mavuz.com","wofwk.aoidf3.com","z5.cnzz.com","xc.hubeijieshikj.cn","tj.tianwenhu.com","xg.gars57.cn","k.jinxiuzhilv.com","cdn.bootcss.com","ppl.xunzhuo123.com","xomk.jiangjunmh.top","img.xunzhuo123.com","z1.cnzz.com","s13.cnzz.com","xg.huataisangao.cn","z7.cnzz.com","xg.huataisangao.cn","z2.cnzz.com","s96.cnzz.com","q11.cnzz.com","thy.dacedsfa.cn","xg.whsbpw.cn","s19.cnzz.com","z8.cnzz.com","s4.cnzz.com","f5w.as12df.top","ae01.alicdn.com","www.92424.cn","k.wudejia.com","vivovip.mmszxc.top","qiu.xixiqiu.com","cdnjs.hnfenxun.com","cms.qdwght.com"]
}