{"urls": [
{"url": "file://TVBox/lib/无忧TV.json","name":"无忧TV专线"},
{"url": "file://TVBox/lib/无忧.json","name":"无忧线路"},
{"url": "file://TVBox/lib/无忧ali.json","name":"无忧阿里线路"},
{"url": "file://TVBox/lib/夜魔.txt","name":"夜魔线路"},
{"url": "file://TVBox/lib/无名1.txt","name":"无名线路"},
{"url": "file://TVBox/lib/动漫.txt","name":"动漫线路"},
{"url": "file://TVBox/JS/js.json","name":"JS专线"},
{"url": "file://TVBox/py/py.txt","name":"PY专线"},
{"url": "file://TVBox/Hk/XYQTVBox.txt","name":"海阔线路"},
{"url": "file://TVBox/lib/弯弯.txt","name":"弯弯线路"},
{"url": "file://TVBox/lib/云星家庭.json","name":"云星家庭线路"},
{"url": "file://TVBox/lib/云星哔哩.json","name":"云星哔哩线路"},
{"url": "file://TVBox/lib/云星阿里.json","name":"云星阿里线路"},
{"url": "file://TVBox/lib/俊佬.txt","name":"俊佬线路"},
{"url": "file://TVBox/lib/月光.json","name":"月光PLUS线路"},
{"url": "file://TVBox/lib/分享者.json","name":"分享者线路"},
{"url": "file://TVBox/lib/老刘备.json","name":"老刘备线路"},
{"url": "file://TVBox/lib/巧计.txt","name":"巧计线路"},
{"url": "file://TVBox/lib/唐三.txt","name":"唐三线路"},
{"url": "file://TVBox/lib/菜妮丝.txt","name":"菜妮丝线路"},
{"url": "file://TVBox/lib/肥猫.txt","name":"肥猫线路"},
{"url": "file://TVBox/lib/饭太硬.txt","name":"饭太硬线路"},
{"url": "file://TVBox/lib/南风XC.txt","name":"南风XC线路"},
{"url": "file://TVBox/lib/多多.txt","name":"多多线路"},
{"url": "file://TVBox/lib/小马.txt","name":"小马线路"}

]
}