{"spider":"clan://TVBox/jar/fm.jar",
 "sites":[
{"key":"drpy_js_豆瓣","name":"搜索 | 豆瓣","type":3,"api":"./lib/drpy2.min.js","ext":"./js/drpy.js"},
{"key":"bili","name":"B站 | Bili[jar]","type":3,"api":"csp_Bili","ext":"./js/音乐演唱.json"},
{"key":"drpy_js_我的哔哩","name":"我的哔哩","type":3,"api":"./lib/drpy2.min.js","ext":"./js/我的哔哩.js"},
{"key":"AList","name":"网盘 | Alist[jar]","type":3,"api":"csp_AList","ext":"./js/alistjar.json"},
{"key":"drpy_js_Alist","name":"网盘 | Alist","type":3,"api":"./lib/alist.min.js","ext":"./js/alist.json"},
{"key":"纸条","name":"阿里 | 纸条","type":3,"api":"csp_Paper","ext":"clan://TVBox/jar/alitoken.txt"},
{"key":"易搜","name":"阿里 | 易搜","type":3,"api":"csp_YiSo","ext":"clan://TVBox/jar/alitoken.txt"},
{"key":"盘搜","name":"阿里 | 盘搜","type":3,"api":"csp_PanSou","ext":"clan://TVBox/jar/alitoken.txt"},
{"key":"UP云搜","name":"阿里 | UP云搜","type":3,"api":"csp_UpYun","ext":"clan://TVBox/jar/alitoken.txt"},
{"key":"找資源","name":"阿里 | 找資源","type":3,"api":"csp_Zhaozy","ext":"clan://TVBox/jar/alitoken.txt"},
{"key":"drpy_js_360影视","name":"官源 | 360","type":3,"api":"./lib/drpy2.min.js","ext":"./js/360影视.js"},
{"key":"drpy_js_奇珍异兽","name":"官源 | 爱奇艺","type":3,"api":"./lib/drpy2.min.js","ext":"./js/奇珍异兽.js"},
{"key":"drpy_js_优酷","name":"官源 | 优酷","type":3,"api":"./lib/drpy2.min.js","ext":"./js/优酷.js"},
{"key":"drpy_js_腾云驾雾","name":"官源 | 腾讯","type":3,"api":"./lib/drpy2.min.js","ext":"./js/腾云驾雾.js"},
{"key":"drpy_js_百忙无果","name":"官源 | 芒果","type":3,"api":"./lib/drpy2.min.js","ext":"./js/百忙无果.js"},
{"key":"drpy_js_菜狗","name":"官源 | 搜狗","type":3,"api":"./lib/drpy2.min.js","ext":"./js/菜狗.js"},
{"key":"drpy_js_人人","name":"影视 | 人人","type":3,"api":"./lib/drpy2.min.js","ext":"./js/人人.js"},
{"key":"drpy_js_低端","name":"影视 | 低端","type":3,"api":"./lib/drpy2.min.js","ext":"./js/ddys.js"},
{"key":"drpy_js_农民","name":"影视 | 农民","type":3,"api":"./lib/drpy2.min.js","ext":"./js/农民.js"},
{"key":"drpy_js_大豆","name":"影视 | 大豆","type":3,"api":"./lib/drpy2.min.js","ext":"./js/大豆.js"},
{"key":"drpy_js_九酷","name":"影视 | 九酷","type":3,"api":"./lib/drpy2.min.js","ext":"./js/九酷.js"},
{"key":"drpy_js_爱看","name":"影视 | 爱看","type":3,"api":"./lib/drpy2.min.js","ext":"./js/爱看.js"},
{"key":"drpy_js_l0l","name":"影视 | l0l","type":3,"api":"./lib/drpy2.min.js","ext":"./js/l0l.js"},
{"key":"drpy_js_网飞.TV","name":"影视 | 网飞.TV","type":3,"api":"./lib/drpy2.min.js","ext":"./js/网飞.TV.js"},
{"key":"drpy_js_乐猪TV","name":"影视 | 乐猪TV","type":3,"api":"./lib/drpy2.min.js","ext":"./js/乐猪TV.js"},
{"key":"drpy_js_六度TV","name":"影视 | 六度TV","type":3,"api":"./lib/drpy2.min.js","ext":"./js/六度TV.js"},
{"key":"drpy_js_花猫TV","name":"影视 | 花猫TV","type":3,"api":"./lib/drpy2.min.js","ext":"./js/花猫TV.js"},
{"key":"drpy_js_TV云播","name":"影视 | TV云播","type":3,"api":"./lib/drpy2.min.js","ext":"./js/TV云播.js"},
{"key":"drpy_js_新片场","name":"影视 | 新片场","type":3,"api":"./lib/drpy2.min.js","ext":"./js/新片场.js"},
{"key":"drpy_js_达达龟","name":"影视 | 达达龟","type":3,"api":"./lib/drpy2.min.js","ext":"./js/达达龟.js"},
{"key":"drpy_js_皮皮鸭","name":"影视 | 皮皮鸭","type":3,"api":"./lib/drpy2.min.js","ext":"./js/皮皮鸭.js"},
{"key":"drpy_js_慢大浪","name":"影视 | 慢大浪","type":3,"api":"./lib/drpy2.min.js","ext":"./js/慢大浪.js"},
{"key":"drpy_js_看看屋","name":"影视 | 看看屋","type":3,"api":"./lib/drpy2.min.js","ext":"./js/看看屋.js"},
{"key":"drpy_js_哔哩兔","name":"影视 | 哔哩兔","type":3,"api":"./lib/drpy2.min.js","ext":"./js/哔哩兔.js"},
{"key":"drpy_js_追剧兔","name":"影视 | 追剧兔","type":3,"api":"./lib/drpy2.min.js","ext":"./js/追剧兔.js"},
{"key":"drpy_js_影渣渣","name":"影视 | 影渣渣","type":3,"api":"./lib/drpy2.min.js","ext":"./js/影渣渣.js"},
{"key":"drpy_js_鸭奈飞","name":"影视 | 鸭奈飞","type":3,"api":"./lib/drpy2.min.js","ext":"./js/鸭奈飞.js"},
{"key":"drpy_js_柒之社","name":"影视 | 柒之社","type":3,"api":"./lib/drpy2.min.js","ext":"./js/柒之社.js"},
{"key":"drpy_js_伊雪湾","name":"影视 | 伊雪湾","type":3,"api":"./lib/drpy2.min.js","ext":"./js/伊雪湾.js"},
{"key":"drpy_js_免费看","name":"影视 | 免费看","type":3,"api":"./lib/drpy2.min.js","ext":"./js/免费看.js"},
{"key":"drpy_js_路漫漫","name":"影视 | 路漫漫","type":3,"api":"./lib/drpy2.min.js","ext":"./js/路漫漫.js"},
{"key":"drpy_js_小猫咪","name":"影视 | 小猫咪","type":3,"api":"./lib/drpy2.min.js","ext":"./js/小猫咪.js"},
{"key":"drpy_js_看韩剧","name":"影视 | 看韩剧","type":3,"api":"./lib/drpy2.min.js","ext":"./js/看韩剧.js"},
{"key":"drpy_js_美剧网","name":"影视 | 美剧网","type":3,"api":"./lib/drpy2.min.js","ext":"./js/美剧网.js"},
{"key":"drpy_js_去看吧","name":"影视 | 去看吧","type":3,"api":"./lib/drpy2.min.js","ext":"./js/去看吧.js"},
{"key":"drpy_js_粤爱看","name":"影视 | 粤爱看","type":3,"api":"./lib/drpy2.min.js","ext":"./js/粤爱看.js"},
{"key":"drpy_js_追剧迷","name":"影视 | 追剧迷","type":3,"api":"./lib/drpy2.min.js","ext":"./js/追剧迷.js"},
{"key":"drpy_js_NFM影视","name":"影视 | NFM影视","type":3,"api":"./lib/drpy2.min.js","ext":"./js/NFM影视.js"},
{"key":"drpy_js_91free","name":"影视 | 91free","type":3,"api":"./lib/drpy2.min.js","ext":"./js/91free.js"},
{"key":"drpy_js_fositv","name":"影视 | fositv","type":3,"api":"./lib/drpy2.min.js","ext":"./js/fositv.js"},
{"key":"drpy_js_LIBVIO","name":"影视 | LIBVIO","type":3,"api":"./lib/drpy2.min.js","ext":"./js/LIBVIO.js"},
{"key":"drpy_js_HDmoli","name":"影视 | HDmoli","type":3,"api":"./lib/drpy2.min.js","ext":"./js/HDmoli.js"},
{"key":"drpy_js_Voflix","name":"影视 | Voflix","type":3,"api":"./lib/drpy2.min.js","ext":"./js/Voflix.js"},
{"key":"drpy_js_YOKE影视","name":"影视 | YOKE影视","type":3,"api":"./lib/drpy2.min.js","ext":"./js/YOKE影视.js"},
{"key":"drpy_js_HG影院[V2]","name":"影视 | HG影院[V2]","type":3,"api":"./lib/drpy2.min.js","ext":"./js/HG影院[V2].js"},
{"key":"drpy_js_UM电影","name":"影视 | UM电影","type":3,"api":"./lib/drpy2.min.js","ext":"./js/UM电影.js"},
{"key":"drpy_js_纽约影院","name":"影视 | 纽约影院","type":3,"api":"./lib/drpy2.min.js","ext":"./js/纽约影院.js"},
{"key":"drpy_js_飞飞影视","name":"影视 | 飞飞影视","type":3,"api":"./lib/drpy2.min.js","ext":"./js/飞飞影视.js"},
{"key":"drpy_js_开眼视频","name":"影视 | 开眼视频","type":3,"api":"./lib/drpy2.min.js","ext":"./js/开眼视频.js"},
{"key":"drpy_js_豆巴影视","name":"影视 | 豆巴影视","type":3,"api":"./lib/drpy2.min.js","ext":"./js/豆巴影视.js"},
{"key":"drpy_js_被窝电影","name":"影视 | 被窝电影","type":3,"api":"./lib/drpy2.min.js","ext":"./js/被窝电影.js"},
{"key":"drpy_js_米爱影视","name":"影视 | 米爱影视","type":3,"api":"./lib/drpy2.min.js","ext":"./js/米爱影视.js"},
{"key":"drpy_js_星空影视","name":"影视 | 星空影视","type":3,"api":"./lib/drpy2.min.js","ext":"./js/星空影视.js"},
{"key":"drpy_js_秋霞影视","name":"影视 | 秋霞影视","type":3,"api":"./lib/drpy2.min.js","ext":"./js/秋霞影视.js"},
{"key":"drpy_js_无名小站","name":"影视 | 无名小站","type":3,"api":"./lib/drpy2.min.js","ext":"./js/无名小站.js"},
{"key":"drpy_js_朴樱影视","name":"影视 | 朴樱影视","type":3,"api":"./lib/drpy2.min.js","ext":"./js/朴樱影视.js"},
{"key":"drpy_js_小狗影院","name":"影视 | 小狗影院","type":3,"api":"./lib/drpy2.min.js","ext":"./js/小狗影院.js"},
{"key":"drpy_js_城市影视","name":"影视 | 城市影视","type":3,"api":"./lib/drpy2.min.js","ext":"./js/城市影视.js"},
{"key":"drpy_js_酷客影院","name":"影视 | 酷客影院","type":3,"api":"./lib/drpy2.min.js","ext":"./js/酷客影院.js"},
{"key":"drpy_js_奇优影院","name":"影视 | 奇优影院","type":3,"api":"./lib/drpy2.min.js","ext":"./js/奇优影院.js"},
{"key":"drpy_js_厂长资源","name":"影视 | 厂长资源","type":3,"api":"./lib/drpy2.min.js","ext":"./js/厂长资源.js"},
{"key":"drpy_js_在线之家","name":"影视 | 在线之家","type":3,"api":"./lib/drpy2.min.js","ext":"./js/在线之家.js"},
{"key":"drpy_js_在线之家2","name":"影视 | 在线之家2","type":3,"api":"./lib/drpy2.min.js","ext":"./js/zxzjmtv.js"},
{"key":"drpy_js_稀饭影视","name":"影视 | 稀饭影视","type":3,"api":"./lib/drpy2.min.js","ext":"./js/稀饭影视.js"},
{"key":"drpy_js_饭团电影","name":"影视 | 饭团电影","type":3,"api":"./lib/drpy2.min.js","ext":"./js/饭团.js"},
{"key":"drpy_js_酷云七七","name":"影视 | 酷云七七","type":3,"api":"./lib/drpy2.min.js","ext":"./js/酷云77.js"},
{"key":"drpy_js_骚火电影","name":"影视 | 骚火电影","type":3,"api":"./lib/drpy2.min.js","ext":"./js/骚火电影.js"},
{"key":"drpy_js_回响影视","name":"影视 | 回响影视","type":3,"api":"./lib/drpy2.min.js","ext":"./js/回响影视.js"},
{"key":"drpy_js_闪影影院","name":"影视 | 闪影影院","type":3,"api":"./lib/drpy2.min.js","ext":"./js/闪影影院.js"},
{"key":"drpy_js_电影先生","name":"影视 | 电影先生","type":3,"api":"./lib/drpy2.min.js","ext":"./js/电影先生.js"},
{"key":"drpy_js_冷曦影视","name":"影视 | 冷曦影视","type":3,"api":"./lib/drpy2.min.js","ext":"./js/冷曦影视.js"},
{"key":"drpy_js_秋霞影院","name":"影视 | 秋霞影院","type":3,"api":"./lib/drpy2.min.js","ext":"./js/秋霞.js"},
{"key":"drpy_js_凌云影视","name":"影视 | 凌云影视","type":3,"api":"./lib/drpy2.min.js","ext":"./js/凌云影视.js"},
{"key":"drpy_js_孜然影视","name":"影视 | 孜然影视","type":3,"api":"./lib/drpy2.min.js","ext":"./js/孜然影视.js"},
{"key":"drpy_js_兄弟影视","name":"影视 | 兄弟影视","type":3,"api":"./lib/drpy2.min.js","ext":"./js/兄弟影视.js"},
{"key":"drpy_js_创艺影视","name":"影视 | 创艺影视","type":3,"api":"./lib/drpy2.min.js","ext":"./js/创艺影视.js"},
{"key":"drpy_js_创艺影视[V2]","name":"影视 | 创艺影视[V2]","type":3,"api":"./lib/drpy2.min.js","ext":"./js/创艺影视[V2].js"},
{"key":"drpy_js_咕噜咕噜","name":"影视 | 咕噜咕噜","type":3,"api":"./lib/drpy2.min.js","ext":"./js/咕噜咕噜.js"},
{"key":"drpy_js_趣享星视","name":"影视 | 趣享星视","type":3,"api":"./lib/drpy2.min.js","ext":"./js/趣享星视.js"},
{"key":"drpy_js_零度影视","name":"影视 | 零度影视","type":3,"api":"./lib/drpy2.min.js","ext":"./js/零度影视.js"},
{"key":"drpy_js_B站影视","name":"影视 | B站影视","type":3,"api":"./lib/drpy2.min.js","ext":"./js/B站影视.js"},
{"key":"drpy_js_哔哩影视","name":"影视 | 哔哩影视","type":3,"api":"./lib/drpy2.min.js","ext":"./js/哔哩影视.js"},
{"key":"drpy_js_JangoIndex","name":"音频 | JangoIndex","type":3,"api":"./lib/drpy2.min.js","ext":"./js/JangoIndex.js","playerType":"2"},
{"key":"drpy_js_DJ音乐","name":"音频 | DJ音乐","type":3,"api":"./lib/drpy2.min.js","ext":"./js/DJ音乐.js","playerType":"2"},
{"key":"drpy_js_清风DJ","name":"音频 | 清风DJ","type":3,"api":"./lib/drpy2.min.js","ext":"./js/清风DJ.js","playerType":"2"},
{"key":"drpy_js_种子音乐","name":"音频 | 种子音乐","type":3,"api":"./lib/drpy2.min.js","ext":"./js/种子音乐.js"},
{"key":"drpy_js_蜻蜓FM","name":"广播 | 蜻蜓FM","type":3,"api":"./lib/drpy2.min.js","ext":"./js/蜻蜓FM.js","playerType":"2"},
{"key":"drpy_js_相声随身听","name":"相声 | 相声随身听","type":3,"api":"./lib/drpy2.min.js","ext":"./js/相声随身听.js","playerType":"2"},
{"key":"drpy_js_74听书","name":"听书 | 74听书","type":3,"api":"./lib/drpy2.min.js","ext":"./js/74听书.js","playerType":"2"},
{"key":"drpy_js_i275听书","name":"听书 | i275听书","type":3,"api":"./lib/drpy2.min.js","ext":"./js/i275听书.js","playerType":"2"},
{"key":"drpy_js_喜马拉雅","name":"听书 | 喜马拉雅","type":3,"api":"./lib/drpy2.min.js","ext":"./js/喜马拉雅.js","playerType":"2"},
{"key":"drpy_js_六月听书","name":"听书 | 六月听书","type":3,"api":"./lib/drpy2.min.js","ext":"./js/六月听书.js","playerType":"2"},
{"key":"drpy_js_博看听书","name":"听书 | 博看听书","type":3,"api":"./lib/drpy2.min.js","ext":"./js/博看听书.js","playerType":"2"},
{"key":"drpy_js_海洋听书","name":"听书 | 海洋听书","type":3,"api":"./lib/drpy2.min.js","ext":"./js/海洋听书.js","playerType":"2"},
{"key":"drpy_js_海盗听书","name":"听书 | 海盗听书","type":3,"api":"./lib/drpy2.min.js","ext":"./js/海盗听书.js","playerType":"2"},
{"key":"drpy_js_听书网","name":"听书 | 听书网","type":3,"api":"./lib/drpy2.min.js","ext":"./js/听书网.js","playerType":"2"},
{"key":"drpy_js_有声小说","name":"听书 | 有声小说","type":3,"api":"./lib/drpy2.min.js","ext":"./js/有声小说吧.js","playerType":"2"},
{"key":"drpy_js_有声听书网","name":"听书 | 有声听书网","type":3,"api":"./lib/drpy2.min.js","ext":"./js/有声听书网.js","playerType":"2"},
{"key":"drpy_js_幻听网听书","name":"听书 | 幻听网听书","type":3,"api":"./lib/drpy2.min.js","ext":"./js/幻听网听书.js","playerType":"2"},
{"key":"drpy_js_短视频","name":"聚合 | 短视频","type":3,"api":"./lib/drpy2.min.js","ext":"./js/短视频.js"},
{"key":"drpy_js_酷6网","name":"聚合 | 酷6网","type":3,"api":"./lib/drpy2.min.js","ext":"./js/酷6网.js"},
{"key":"drpy_js_网易公版影像","name":"聚合 | 网易公版影像","type":3,"api":"./lib/drpy2.min.js","ext":"./js/网易公版影像.js"},
{"key":"drpy_js_A8音乐","name":"MV | A8音乐","type":3,"api":"./lib/drpy2.min.js","ext":"./js/A8音乐.js"},
{"key":"drpy_js_MV263","name":"MV | 263","type":3,"api":"./lib/drpy2.min.js","ext":"./js/MV263.js"},
{"key":"drpy_js_苹果DJ","name":"MV | 苹果DJ","type":3,"api":"./lib/drpy2.min.js","ext":"./js/苹果DJ.js"},
{"key":"drpy_js_酷狗MV","name":"MV | 酷狗","type":3,"api":"./lib/drpy2.min.js","ext":"./js/酷狗MV.js"},
{"key":"drpy_js_酷奇MV","name":"MV | 酷奇","type":3,"api":"./lib/drpy2.min.js","ext":"./js/酷奇MV.js"},
{"key":"drpy_js_爱车MV","name":"MV | 爱车","type":3,"api":"./lib/drpy2.min.js","ext":"./js/爱车MV.js"},
{"key":"drpy_js_音悦网","name":"MV | 音悦网","type":3,"api":"./lib/drpy2.min.js","ext":"./js/音悦网.js"},
{"key":"drpy_js_哔哩直播","name":"直播 | 哔哩","type":3,"api":"./lib/drpy2.min.js","ext":"./js/哔哩直播.js"},
{"key":"drpy_js_斗鱼直播","name":"直播 | 斗鱼","type":3,"api":"./lib/drpy2.min.js","ext":"./js/斗鱼直播.js"},
{"key":"drpy_js_虎牙直播","name":"直播 | 虎牙","type":3,"api":"./lib/drpy2.min.js","ext":"./js/虎牙直播.js"},
{"key":"drpy_js_JustLive","name":"直播 | JustLive","type":3,"api":"./lib/drpy2.min.js","ext":"./js/JustLive.js"},
{"key":"drpy_js_JRKAN直播","name":"体育 | JRKAN直播","type":3,"api":"./lib/drpy.min.js","ext":"./js/JRKAN直播.js"},
{"key":"drpy_js_88看球","name":"体育 | 88看球","type":3,"api":"./lib/drpy2.min.js","ext":"./js/88看球.js"},
{"key":"drpy_js_310直播","name":"体育 | 310直播","type":3,"api":"./lib/drpy2.min.js","ext":"./js/310直播.js"},
{"key":"drpy_js_抓饭体育","name":"体育 | 抓饭体育","type":3,"api":"./lib/drpy2.min.js","ext":"./js/抓饭体育.js"},
{"key":"drpy_js_爱弹幕","name":"动漫 | 爱弹幕","type":3,"api":"./lib/drpy2.min.js","ext":"./js/爱弹幕.js"},
{"key":"drpy_js_兔小贝","name":"动漫 | 兔小贝","type":3,"api":"./lib/drpy2.min.js","ext":"./js/兔小贝.js"},
{"key":"drpy_js_AnFuns","name":"动漫 | AnFuns","type":3,"api":"./lib/drpy2.min.js","ext":"./js/AnFuns.js"},
{"key":"drpy_js_NyaFun","name":"动漫 | NyaFun","type":3,"api":"./lib/drpy2.min.js","ext":"./js/NyaFun.js"},
{"key":"drpy_js_AGE动漫","name":"动漫 | AGE动漫","type":3,"api":"./lib/drpy2.min.js","ext":"./js/AGE动漫.js"},
{"key":"drpy_js_NT动漫","name":"动漫 | NT动漫","type":3,"api":"./lib/drpy2.min.js","ext":"./js/NT动漫.js"},
{"key":"drpy_js_动漫岛","name":"动漫 | 动漫岛","type":3,"api":"./lib/drpy2.min.js","ext":"./js/动漫岛.js"},
{"key":"drpy_js_嘶哩嘶哩","name":"动漫 | 嘶哩嘶哩","type":3,"api":"./lib/drpy2.min.js","ext":"./js/嘶哩嘶哩.js"},
{"key":"drpy_js_奇米动漫","name":"动漫 | 奇米动漫","type":3,"api":"./lib/drpy2.min.js","ext":"./js/奇米动漫.js"},
{"key":"drpy_js_曲奇动漫","name":"动漫 | 曲奇动漫","type":3,"api":"./lib/drpy2.min.js","ext":"./js/曲奇动漫.js"},
{"key":"drpy_js_妮可动漫","name":"动漫 | 妮可动漫","type":3,"api":"./lib/drpy2.min.js","ext":"./js/妮可动漫.js"},
{"key":"drpy_js_怡萱动漫","name":"动漫 | 怡萱动漫","type":3,"api":"./lib/drpy2.min.js","ext":"./js/怡萱动漫.js"},
{"key":"drpy_js_异世界动漫","name":"动漫 | 异世界动漫","type":3,"api":"./lib/drpy2.min.js","ext":"./js/异世界动漫.js"},
{"key":"drpy_js_omofun动漫","name":"动漫 | omofun动漫","type":3,"api":"./lib/drpy2.min.js","ext":"./js/omofun动漫.js"},
{"key":"drpy_js_007影视","name":"影视 | 007影视","type":3,"api":"./lib/drpy2.min.js","ext":"./js/007影视.js"},
{"key":"drpy_js_1080P","name":"影视 | 1080P","type":3,"api":"./lib/drpy2.min.js","ext":"./js/1080P.js"},
{"key":"drpy_js_139影视","name":"影视 | 139影视","type":3,"api":"./lib/drpy2.min.js","ext":"./js/139影视.js"},
{"key":"drpy_js_2099电影","name":"影视 | 2099电影","type":3,"api":"./lib/drpy2.min.js","ext":"./js/2099电影.js"},
{"key":"drpy_js_333影视","name":"影视 | 333影视","type":3,"api":"./lib/drpy2.min.js","ext":"./js/333影视.js"},
{"key":"drpy_js_345看片","name":"影视 | 345看片","type":3,"api":"./lib/drpy2.min.js","ext":"./js/345看片.js"},
{"key":"drpy_js_555影视[V2]","name":"影视 | 555影视[V2]","type":3,"api":"./lib/drpy2.min.js","ext":"./js/555影视[V2].js"},
{"key":"drpy_js_8号影院","name":"影视 | 8号影院","type":3,"api":"./lib/drpy2.min.js","ext":"./js/8号影院.js"},
{"key":"drpy_js_99影院","name":"影视 | 99影院","type":3,"api":"./lib/drpy2.min.js","ext":"./js/99影院.js"},
{"key":"drpy_js_9U电影","name":"影视 | 9U电影","type":3,"api":"./lib/drpy2.min.js","ext":"./js/9U电影.js"},
{"key":"drpy_js_FreeOK","name":"影视 | FreeOK","type":3,"api":"./lib/drpy2.min.js","ext":"./js/FreeOK.js"},
{"key":"drpy_js_KOK影视","name":"影视 | KOK影视","type":3,"api":"./lib/drpy2.min.js","ext":"./js/KOK影视.js"},
{"key":"drpy_js_NY影院","name":"影视 | NY影院","type":3,"api":"./lib/drpy2.min.js","ext":"./js/NY影院.js"},
{"key":"drpy_js_vidhub","name":"影视 | vidhub","type":3,"api":"./lib/drpy2.min.js","ext":"./js/vidhub.js"},
{"key":"drpy_js_爱迪影视","name":"影视 | 爱迪影视","type":3,"api":"./lib/drpy2.min.js","ext":"./js/爱迪影视.js"},
{"key":"drpy_js_爱看电影","name":"影视 | 爱看电影","type":3,"api":"./lib/drpy2.min.js","ext":"./js/爱看电影.js"},
{"key":"drpy_js_艾菲影视","name":"影视 | 艾菲影视","type":3,"api":"./lib/drpy2.min.js","ext":"./js/艾菲影视.js"},
{"key":"drpy_js_八蛋影视","name":"影视 | 八蛋影视","type":3,"api":"./lib/drpy2.min.js","ext":"./js/八蛋影视.js"},
{"key":"drpy_js_叭度影视","name":"影视 | 叭度影视","type":3,"api":"./lib/drpy2.min.js","ext":"./js/叭度影视.js"},
{"key":"drpy_js_布雷蓝光","name":"影视 | 布雷蓝光","type":3,"api":"./lib/drpy2.min.js","ext":"./js/布雷蓝光.js"},
{"key":"drpy_js_超前点播","name":"影视 | 超前点播","type":3,"api":"./lib/drpy2.min.js","ext":"./js/超前点播.js"},
{"key":"drpy_js_尘落影视","name":"影视 | 尘落影视","type":3,"api":"./lib/drpy2.min.js","ext":"./js/尘落影视.js"},
{"key":"drpy_js_楚门影院","name":"影视 | 楚门影院","type":3,"api":"./lib/drpy2.min.js","ext":"./js/楚门影院.js"},
{"key":"drpy_js_大米星球","name":"影视 | 大米星球","type":3,"api":"./lib/drpy2.min.js","ext":"./js/大米星球.js"},
{"key":"drpy_js_大师兄影视","name":"影视 | 大师兄影视","type":3,"api":"./lib/drpy2.min.js","ext":"./js/大师兄影视.js"},
{"key":"drpy_js_碟调影视","name":"影视 | 碟调影视","type":3,"api":"./lib/drpy2.min.js","ext":"./js/碟调影视.js"},
{"key":"drpy_js_多瑙影视","name":"影视 | 多瑙影视","type":3,"api":"./lib/drpy2.min.js","ext":"./js/多瑙影视.js","playerType":"2"},
{"key":"drpy_js_二次萌影视","name":"影视 | 二次萌影视","type":3,"api":"./lib/drpy2.min.js","ext":"./js/二次萌影视.js"},
{"key":"drpy_js_番茄影视","name":"影视 | 番茄影视","type":3,"api":"./lib/drpy2.min.js","ext":"./js/番茄影视.js"},
{"key":"drpy_js_干饭影视","name":"影视 | 干饭影视","type":3,"api":"./lib/drpy2.min.js","ext":"./js/干饭影视.js"},
{"key":"drpy_js_金曼影视","name":"影视 | 金曼影视","type":3,"api":"./lib/drpy2.min.js","ext":"./js/金曼影视.js"},
{"key":"drpy_js_看BZ影视","name":"影视 | 看BZ影视","type":3,"api":"./lib/drpy2.min.js","ext":"./js/看BZ影视.js"},
{"key":"drpy_js_看看电影","name":"影视 | 看看电影","type":3,"api":"./lib/drpy2.min.js","ext":"./js/看看电影.js"},
{"key":"drpy_js_看了么","name":"影视 | 看了么","type":3,"api":"./lib/drpy2.min.js","ext":"./js/看了么.js"},
{"key":"drpy_js_快云影院","name":"影视 | 快云影院","type":3,"api":"./lib/drpy2.min.js","ext":"./js/快云影院.js"},
{"key":"drpy_js_蓝光影院","name":"影视 | 蓝光影院","type":3,"api":"./lib/drpy2.min.js","ext":"./js/蓝光影院.js"},
{"key":"drpy_js_乐动影视","name":"影视 | 乐动影视","type":3,"api":"./lib/drpy2.min.js","ext":"./js/乐动影视.js"},
{"key":"drpy_js_利丽娅电影","name":"影视 | 利丽娅电影","type":3,"api":"./lib/drpy2.min.js","ext":"./js/利丽娅电影.js"},
{"key":"drpy_js_两个 BT","name":"影视 | 两个BT","type":3,"api":"./lib/drpy2.min.js","ext":"./js/两个BT.js"},
{"key":"drpy_js_麻花影视","name":"影视 | 麻花影视","type":3,"api":"./lib/drpy2.min.js","ext":"./js/麻花影视.js"},
{"key":"drpy_js_蚂蚁影视","name":"影视 | 蚂蚁影视","type":3,"api":"./lib/drpy2.min.js","ext":"./js/蚂蚁影视.js"},
{"key":"drpy_js_麦豆网","name":"影视 | 麦豆网","type":3,"api":"./lib/drpy2.min.js","ext":"./js/麦豆.js"},
{"key":"drpy_js_麦豆com","name":"影视 | 麦豆com","type":3,"api":"./lib/drpy2.min.js","ext":"./js/麦豆com.js"},
{"key":"drpy_js_美视网","name":"影视 | 美视网","type":3,"api":"./lib/drpy2.min.js","ext":"./js/美视网.js"},
{"key":"drpy_js_萌蛋蛋[V2]","name":"影视 | 萌蛋蛋[V2]","type":3,"api":"./lib/drpy2.min.js","ext":"./js/萌蛋蛋[V2].js"},
{"key":"drpy_js_米宝影院","name":"影视 | 米宝影院","type":3,"api":"./lib/drpy2.min.js","ext":"./js/米宝影院.js"},
{"key":"drpy_js_莫扎兔儿","name":"影视 | 莫扎兔儿","type":3,"api":"./lib/drpy2.min.js","ext":"./js/莫扎兔.js"},
{"key":"drpy_js_南瓜影院","name":"影视 | 南瓜影院","type":3,"api":"./lib/drpy2.min.js","ext":"./js/南瓜影院.js"},
{"key":"drpy_js_南柯电影","name":"影视 | 南柯电影","type":3,"api":"./lib/drpy2.min.js","ext":"./js/南柯电影网.js"},
{"key":"drpy_js_胖虎影视","name":"影视 | 胖虎影视","type":3,"api":"./lib/drpy2.min.js","ext":"./js/胖虎影视.js"},
{"key":"drpy_js_霹雳影视","name":"影视 | 霹雳影视","type":3,"api":"./lib/drpy2.min.js","ext":"./js/霹雳影视.js"},
{"key":"drpy_js_七时影院","name":"影视 | 七时影院","type":3,"api":"./lib/drpy2.min.js","ext":"./js/七小时影院.js"},
{"key":"drpy_js_起飞影院","name":"影视 | 起飞影院","type":3,"api":"./lib/drpy2.min.js","ext":"./js/起飞影院.js"},
{"key":"drpy_js_人人影视","name":"影视 | 人人影视","type":3,"api":"./lib/drpy2.min.js","ext":"./js/人人影视.js"},
{"key":"drpy_js_盛世电影","name":"影视 | 盛世电影","type":3,"api":"./lib/drpy2.min.js","ext":"./js/盛世电影网.js"},
{"key":"drpy_js_视觉影院","name":"影视 | 视觉影院","type":3,"api":"./lib/drpy2.min.js","ext":"./js/视觉影院.js"},
{"key":"drpy_js_视中影视","name":"影视 | 视中影视","type":3,"api":"./lib/drpy2.min.js","ext":"./js/视中心影视.js"},
{"key":"drpy_js_首播影院","name":"影视 | 首播影院","type":3,"api":"./lib/drpy2.min.js","ext":"./js/首播影院.js"},
{"key":"drpy_js_双十电影","name":"影视 | 双十电影","type":3,"api":"./lib/drpy2.min.js","ext":"./js/双十电影.js"},
{"key":"drpy_js_思乐影视","name":"影视 | 思乐影视","type":3,"api":"./lib/drpy2.min.js","ext":"./js/思乐影视.js"},
{"key":"drpy_js_四个圈儿","name":"影视 | 四个圈儿","type":3,"api":"./lib/drpy2.min.js","ext":"./js/四个圈影视.js"},
{"key":"drpy_js_天空影视","name":"影视 | 天空影视","type":3,"api":"./lib/drpy2.min.js","ext":"./js/天空影视.js"},
{"key":"drpy_js_天天影视","name":"影视 | 天天影视","type":3,"api":"./lib/drpy2.min.js","ext":"./js/天天影视.js"},
{"key":"drpy_js_万能影视","name":"影视 | 万能影视","type":3,"api":"./lib/drpy2.min.js","ext":"./js/万能影视.js"},
{"key":"drpy_js_我爱电影","name":"影视 | 我爱电影","type":3,"api":"./lib/drpy2.min.js","ext":"./js/我爱电影网.js"},
{"key":"drpy_js_我爱跟剧","name":"影视 | 我爱跟剧","type":3,"api":"./lib/drpy2.min.js","ext":"./js/我爱跟剧.js"},
{"key":"drpy_js_云播影院","name":"影视 | 云播影院","type":3,"api":"./lib/drpy2.min.js","ext":"./js/云播.js"},

{"key":"Live","name":"影视直播","type":3,"api": "csp_Live","ext":"2000"},
{"key": "push_agent","name": "阿里 | 推送","type": 3,"api": "csp_Push","ext": "clan://TVBox/jar/alitoken.txt"}],
"lives":[{"name":"太阳","type":0,"url":"http://111.67.196.181/zhibo.txt"}],
"rules":[
{"host":"www.djuu.com","rule":["mp4.djuu.com","m4a"]},{"host":"www.sharenice.net","rule":["huoshan.com","/item/video/"],"filter":[]},
{"host":"www.sharenice.net","rule":["sovv.qianpailive.com","vid="],"filter":[]},
{"host":"www.sharenice.net","rule":["douyin.com","/play/"]},
{"host":"m.ysxs8.vip","rule":["ysting.ysxs8.vip:81","xmcdn.com"],"filter":[]},
{"host":"hdmoli.com","rule":[".m3u8"]},{"host":"https://api.live.bilibili.com","rule":["bilivideo.com","/index.m3u8"],"filter":["data.bilibili.com/log/web","i0.hdslb.com/bfs/live/"]},
{"host":"www.agemys.cc","rule":["cdn-tos","obj/tos-cn"]},
{"host":"www.fun4k.com","rule":["https://hd.ijycnd.com/play","index.m3u8"]},
{"host":"zjmiao.com","rule":["play.videomiao.vip/API.php","time=","key=","path="]}],
"parses":[
{"name":"777","type":0,"url":"https://jx.777jiexi.com/player/?url="},
{"name":"杰森","type":0,"url":"https://jx.jsonplayer.com/player/?url="}, 
{"name":"战狼","type":0,"url":"https://jx.zhanlangbu.com/?url="},
{"name":"ok","type":0,"url":"https://okjx.cc/?url="},
{"name":"bozrc","type":0,"url":"https://jx.bozrc.com:4433/player/?url=","ext":{"flag":["qq","腾讯","qiyi","爱奇艺","奇艺","youku","优酷","mgtv","芒果","letv","leshi","LS","pptv","PPTV","sohu","bilibili","哔哩哔哩","哔哩"],"header":{"User-Agent":""}}},
{"name":"不累","type":0,"url":"https://blbfq.f3322.net/player/analysis.php?v=","ext":{"flag":["qiyi","qq","letv","sohu","youku","mgtv","bilibili","wasu","xigua","1905"]}},
{"name":"cod","type":0,"url":"https://ksksl.codjx.com/?url="},
{"name":"byg解析","type":0,"url":"https://byg.ziqj5.shop/?url="},
{"name":"xmflv","type":0,"url":"https://jx.xmflv.com/?url="},
{"name":"365","type":0,"url":"https://chaxun.truechat365.com/?url=","ext":{"flag":["qq","腾讯","qiyi","iqiyi","爱奇艺","奇艺","youku","优酷","mgtv","芒果","letv","乐视","pptv","PPTV","sohu","bilibili","哔哩哔哩","哔哩"]}},
{"name":"26db","type":0,"url":"http://vip.26db.cn/g/?url="},
{"name":"看看","type":0,"url":"https://jx.m3u8.pw/?url="},
{"name":"FreeOK","type":0,"url":"https://play.86516.tk/OKPlayer/?url="},
{"name":"free","type":0,"url":"https://h5.freejson.xyz/player/?url="}],
"flags":["youku","qq","iqiyi","qiyi","letv","sohu","tudou","pptv","mgtv","wasu"],
"wallpaper":"http://www.kf666888.cn/api/tvbox/img"
}