[
        {
      "name": "☁️云星日记",
      "server": "http://alist.itvbox.cc/",
      "startPage" : "/",
        "showAll" : false,
        "search" : true
    },
 {
        "name" : "🙋丫仙女",
        "server" : "http://alist.xiaoya.pro",
        "startPage" : "/",
        "showAll" : false,
        "search" : true
    },
  
 
        {
        "name" : "🐋一只鱼",
        "server" : "https://alist.youte.ml",
        "startPage" : "/",
        "showAll" : false,
        "search" : true
    },
        {
        "name" : "🌊七米蓝",
        "server" : "https://al.chirmyram.com",
        "startPage" : "/",
        "showAll" : false,
        "search" : true
    },

        {
        "name" : "🐉神族九帝",
        "server" : "https://alist.shenzjd.com",
        "startPage" : "/",
        "showAll" : false,
        "search" : true
    },
        {
        "name" : "☃️姬路白雪",
        "server" : "https://pan.jlbx.xyz",
        "startPage" : "/",
        "showAll" : false,
        "search" : true
    },

        {
        "name" : "✨星梦",
        "server" : "https://pan.bashroot.top",
        "startPage" : "/",
        "showAll" : false,
        "search" : true
    },
        {
        "name" : "💫触光",
        "server" : "https://pan.ichuguang.com",
        "startPage" : "/",
        "showAll" : false,
        "search" : true
    },
   
        {
        "name" : "💦讯维云盘",
        "server" : "https://pan.xwbeta.com",
        "startPage" : "/",
        "showAll" : false,
        "search" : true
    }]